"ISO","confirmation_lens","admin_level","threshold","cumu_clinical_cases_lb","cumu_clinical_cases_median","cumu_clinical_cases_ub","n_rdt_tested_lb","n_rdt_tested_median","n_rdt_tested_ub","n_culture_tested_lb","n_culture_tested_median","n_culture_tested_ub"
"AGO","district-estimate","admin1",1e-04,29388.9788181239,34463.1432282818,40883.3295905967,21747.8443254117,25502.7259889285,30253.6638970416,5845.82055467066,6855.13274582399,8132.18485552477
"AGO","district-estimate","admin1",2e-04,30442.8504632696,38289.9180077436,50452.6610254995,22527.7093428195,28334.5393257303,37334.9691588696,6055.44827134988,7616.3241707563,10035.6397099042
"AGO","district-estimate","admin1",0.001,40954.5739007328,54368.344898734,60831.510648706,30306.3846865423,40232.5752250632,45015.3178800424,8146.35620374256,10814.516220497,12100.1174461554
"AGO","district-estimate","admin2",1e-04,25360.2324096495,31318.6423181595,35581.4139442797,18766.5719831406,23175.795315438,26330.246318767,5044.4545490682,6229.65378078974,7077.57021048456
"AGO","district-estimate","admin2",2e-04,28978.5569269307,34015.5351672849,39240.3166478085,21444.1321259287,25171.4960237908,29037.8343193783,5764.18271544964,6766.09813119497,7805.36986504888
"AGO","district-estimate","admin2",0.001,39178.7141828724,46601.1345809852,55133.9734737783,28992.2484953256,34484.839589929,40799.1403705959,7793.11639554351,9269.52488177293,10966.8089316162
"AGO","global-estimate","admin1",1e-04,30004.7619986983,35690.6979355176,41423.2055251104,0,0,0,9001.42859960949,10707.2093806553,12426.9616575331
"AGO","global-estimate","admin1",2e-04,33322.3820673627,40947.0589821409,53229.8970641622,0,0,0,9996.71462020881,12284.1176946423,15968.9691192487
"AGO","global-estimate","admin1",0.001,40954.5739007328,54566.85692995,60878.7539468647,0,0,0,12286.3721702198,16370.057078985,18263.6261840594
"AGO","global-estimate","admin2",1e-04,27205.6414965061,31996.9357817003,36656.4605186348,0,0,0,8161.69244895183,9599.08073451009,10996.9381555904
"AGO","global-estimate","admin2",2e-04,24298.8253116074,34248.0594250304,48672.9694423374,0,0,0,7289.64759348222,10274.4178275091,14601.8908327012
"AGO","global-estimate","admin2",0.001,39404.8322780578,47942.8015115002,57674.5729765069,0,0,0,11821.4496834173,14382.8404534501,17302.3718929521
"AGO","no-estimate","admin1",1e-04,26060.1439388933,31714.2250027866,35322.6086728564,0,0,0,0,0,0
"AGO","no-estimate","admin1",2e-04,29774.9916385692,34858.8075995943,40906.7421546843,0,0,0,0,0,0
"AGO","no-estimate","admin1",0.001,39004.8727248976,46302.8243666618,57263.9328803394,0,0,0,0,0,0
"AGO","no-estimate","admin2",1e-04,23215.8128420934,30285.6691789044,34060.0864982246,0,0,0,0,0,0
"AGO","no-estimate","admin2",2e-04,26723.0987820694,31550.7378328242,35398.0603149484,0,0,0,0,0,0
"AGO","no-estimate","admin2",0.001,34670.1639290547,39785.7154593458,47257.7400193214,0,0,0,0,0,0
"BDI","district-estimate","admin1",1e-04,10524.8515658586,11860.4528848539,13650.7547451316,7788.39015873536,8776.73513479188,10101.5585113974,2093.51927466807,2359.18640423206,2715.29892786362
"BDI","district-estimate","admin1",2e-04,12275.2868025286,13020.7029189369,13944.9515049133,9083.71223387117,9635.32016001331,10319.2641136358,2441.70184846457,2589.97405901158,2773.81819374531
"BDI","district-estimate","admin1",0.001,12356.4043482072,13070.4077703474,13944.9515049133,9143.73921767333,9672.10175005708,10319.2641136358,2457.83710171059,2599.86095041534,2773.81819374531
"BDI","district-estimate","admin2",1e-04,7408.69286477081,8089.39197742922,9042.13246662395,5482.4327199304,5986.15006329762,6691.17802530172,1473.67791511729,1609.0771370144,1798.5886532011
"BDI","district-estimate","admin2",2e-04,8884.75410763308,9901.3346719805,10934.1427083485,6574.71803964848,7326.98765726557,8091.26560417789,1767.28420905751,1969.49428227299,2174.93219440302
"BDI","district-estimate","admin2",0.001,11626.1336958533,12194.4582117761,12824.3153761703,8603.33893493144,9023.89907671431,9489.99337836602,2312.57750570957,2425.62407182081,2550.91022010479
"BDI","global-estimate","admin1",1e-04,11489.2149984933,12437.5703326107,13424.4615960452,0,0,0,3446.76449954799,3731.27109978321,4027.33847881356
"BDI","global-estimate","admin1",2e-04,12186.2432633304,13222.7455156189,15121.0224724457,0,0,0,3655.87297899912,3966.82365468567,4536.30674173371
"BDI","global-estimate","admin1",0.001,12356.4043482072,13070.4077703474,13944.9515049133,0,0,0,3706.92130446216,3921.12233110422,4183.48545147399
"BDI","global-estimate","admin2",1e-04,7819.05167126845,8340.58323779462,9136.78922341551,0,0,0,2345.71550138053,2502.17497133839,2741.03676702465
"BDI","global-estimate","admin2",2e-04,7211.19142112934,10144.9992747084,14585.1508612942,0,0,0,2163.3574263388,3043.49978241252,4375.54525838826
"BDI","global-estimate","admin2",0.001,11626.1336958533,12194.4582117761,12824.3153761703,0,0,0,3487.84010875599,3658.33746353283,3847.29461285109
"BDI","no-estimate","admin1",1e-04,8450.72244529651,9004.6944171573,9474.19737456677,0,0,0,0,0,0
"BDI","no-estimate","admin1",2e-04,11274.3230887863,11959.7178127481,12631.1298490517,0,0,0,0,0,0
"BDI","no-estimate","admin1",0.001,12384.4092098022,13166.4116097739,14034.1093112949,0,0,0,0,0,0
"BDI","no-estimate","admin2",1e-04,6829.76323155097,7209.89457054824,7672.69685769157,0,0,0,0,0,0
"BDI","no-estimate","admin2",2e-04,7631.29913813114,8061.87968654372,8616.73155883232,0,0,0,0,0,0
"BDI","no-estimate","admin2",0.001,11603.4782766084,12165.6030229885,12779.8756518609,0,0,0,0,0,0
"BEN","district-estimate","admin1",1e-04,7156.210218064,8816.60614183747,10314.8654697361,5295.59556136736,6524.28854495973,7633.00044760471,1423.45608689555,1753.72876088517,2051.75052031615
"BEN","district-estimate","admin1",2e-04,7156.210218064,8817.84589135211,10314.8654697361,5295.59556136736,6525.20595960056,7633.00044760471,1423.45608689555,1753.97536194063,2051.75052031615
"BEN","district-estimate","admin1",0.001,7156.210218064,8817.84589135211,10314.8654697361,5295.59556136736,6525.20595960056,7633.00044760471,1423.45608689555,1753.97536194063,2051.75052031615
"BEN","district-estimate","admin2",1e-04,6934.92891173003,7668.05982682336,8501.96137556799,5131.84739468022,5674.36427184929,6291.45141792031,1379.44057969004,1525.26911627309,1691.14214113698
"BEN","district-estimate","admin2",2e-04,7275.36397097615,8034.51981815885,9136.9937655057,5383.76933852235,5945.54466543755,6761.37538647422,1447.15719819481,1598.16240606961,1817.45770388427
"BEN","district-estimate","admin2",0.001,7404.16235715233,8851.69773305678,10016.9731556515,5479.08014429272,6550.25632246202,7412.56013518211,1472.77674278588,1760.70889947779,1992.49616433695
"BEN","global-estimate","admin1",1e-04,7155.27598680694,8814.15986501655,10314.1479559888,0,0,0,2146.58279604208,2644.24795950496,3094.24438679664
"BEN","global-estimate","admin1",2e-04,7110.11557206481,8700.53662942681,10557.2830193888,0,0,0,2133.03467161944,2610.16098882804,3167.18490581664
"BEN","global-estimate","admin1",0.001,7156.210218064,8817.84589135212,10314.8654697361,0,0,0,2146.8630654192,2645.35376740564,3094.45964092083
"BEN","global-estimate","admin2",1e-04,7085.26730401644,7725.34073554767,8798.10483515729,0,0,0,2125.58019120493,2317.6022206643,2639.43145054719
"BEN","global-estimate","admin2",2e-04,5495.87741344116,8249.81815583746,12469.8376704699,0,0,0,1648.76322403235,2474.94544675124,3740.95130114097
"BEN","global-estimate","admin2",0.001,7404.16235715233,8851.69773305678,10016.9731556515,0,0,0,2221.2487071457,2655.50931991703,3005.09194669545
"BEN","no-estimate","admin1",1e-04,7021.09445393976,8143.66362292085,9136.97350611406,0,0,0,0,0,0
"BEN","no-estimate","admin1",2e-04,7155.27598680693,8814.15986501655,10314.1479559888,0,0,0,0,0,0
"BEN","no-estimate","admin1",0.001,7155.27598680693,8814.15986501655,10314.1479559888,0,0,0,0,0,0
"BEN","no-estimate","admin2",1e-04,5808.06417314471,6477.94630358649,7144.55448713594,0,0,0,0,0,0
"BEN","no-estimate","admin2",2e-04,6965.47802177373,7651.06608274897,8491.22548415135,0,0,0,0,0,0
"BEN","no-estimate","admin2",0.001,7404.33208783886,8708.78071049827,10001.8110730693,0,0,0,0,0,0
"BFA","district-estimate","admin1",1e-04,824.001244885169,1126.47488592131,1585.41461172547,609.760921215025,833.591415581769,1173.20681267685,163.903735622599,224.06937250838,315.357991247537
"BFA","district-estimate","admin1",2e-04,824.001244885169,1126.47488592131,1585.41461172547,609.760921215025,833.591415581769,1173.20681267685,163.903735622599,224.06937250838,315.357991247537
"BFA","district-estimate","admin1",0.001,824.001244885169,1126.47488592131,1585.41461172547,609.760921215025,833.591415581769,1173.20681267685,163.903735622599,224.06937250838,315.357991247537
"BFA","district-estimate","admin2",1e-04,823.462870997293,1129.81878422326,1560.62469741547,609.362524537997,836.065900325212,1154.86227608745,163.796646595814,224.734514007417,310.426979812306
"BFA","district-estimate","admin2",2e-04,823.462870997293,1129.81878422326,1564.86991115078,609.362524537997,836.065900325212,1158.00373425158,163.796646595814,224.734514007417,311.271403766824
"BFA","district-estimate","admin2",0.001,823.462870997293,1129.81878422326,1564.86991115078,609.362524537997,836.065900325212,1158.00373425158,163.796646595814,224.734514007417,311.271403766824
"BFA","global-estimate","admin1",1e-04,824.202152315026,1127.04170016689,1587.36124478143,0,0,0,247.260645694508,338.112510050067,476.208373434429
"BFA","global-estimate","admin1",2e-04,812.591405593062,1129.43773590413,1622.37495978287,0,0,0,243.777421677919,338.831320771239,486.712487934861
"BFA","global-estimate","admin1",0.001,824.001244885169,1126.47488592131,1585.41461172547,0,0,0,247.200373465551,337.942465776393,475.624383517641
"BFA","global-estimate","admin2",1e-04,823.412107042144,1129.70791763147,1564.70774944662,0,0,0,247.023632112643,338.912375289441,469.412324833986
"BFA","global-estimate","admin2",2e-04,576.626290698589,1119.67219858954,2204.96873212248,0,0,0,172.987887209577,335.901659576862,661.490619636744
"BFA","global-estimate","admin2",0.001,823.462870997293,1129.81878422326,1564.86991115078,0,0,0,247.038861299188,338.945635266978,469.460973345234
"BFA","no-estimate","admin1",1e-04,824.202152315027,1127.04170016689,1587.36124478143,0,0,0,0,0,0
"BFA","no-estimate","admin1",2e-04,824.202152315027,1127.04170016689,1587.36124478143,0,0,0,0,0,0
"BFA","no-estimate","admin1",0.001,824.202152315027,1127.04170016689,1587.36124478143,0,0,0,0,0,0
"BFA","no-estimate","admin2",1e-04,819.212139506234,1081.14209508324,1384.42187364679,0,0,0,0,0,0
"BFA","no-estimate","admin2",2e-04,823.412107042144,1129.70791763147,1564.70774944662,0,0,0,0,0,0
"BFA","no-estimate","admin2",0.001,823.412107042144,1129.70791763147,1564.70774944662,0,0,0,0,0,0
"CAF","district-estimate","admin1",1e-04,859.200767775772,1508.42266365293,2407.39379750425,635.808568154071,1116.23277110317,1781.47141015314,170.905343119814,300.043368872532,478.859515049165
"CAF","district-estimate","admin1",2e-04,859.200767775772,1527.41773062018,2776.16955131447,635.808568154071,1130.28912065893,2054.36546797271,170.905343119814,303.821715633121,552.213437791064
"CAF","district-estimate","admin1",0.001,859.200767775772,1527.41773062018,3124.5769820096,635.808568154071,1130.28912065893,2312.1869666871,170.905343119814,303.821715633121,621.515856645494
"CAF","district-estimate","admin2",1e-04,724.05329285697,1382.42031671296,2035.95652102022,535.799436714158,1022.99103436759,1506.60782555496,144.022888588766,274.979990038008,404.976183509174
"CAF","district-estimate","admin2",2e-04,786.335824708236,1416.98322114485,2411.89564158499,581.888510284095,1048.56758364719,1784.80277477289,156.411631564365,281.854966484364,479.754985858954
"CAF","district-estimate","admin2",0.001,878.157263730004,1510.71156325599,2907.46308644072,649.836375160203,1117.92655680943,2151.52268396613,174.676017643063,300.498658470376,578.329297450096
"CAF","global-estimate","admin1",1e-04,859.707538636504,1520.25614809695,2409.93250867866,0,0,0,257.912261590951,456.076844429085,722.979752603598
"CAF","global-estimate","admin1",2e-04,843.368081076989,1538.81330531594,3375.43669061836,0,0,0,253.010424323097,461.643991594782,1012.63100718551
"CAF","global-estimate","admin1",0.001,859.200767775772,1527.41773062018,3124.5769820096,0,0,0,257.760230332732,458.225319186054,937.37309460288
"CAF","global-estimate","admin2",1e-04,728.439185381139,1389.50810953845,2062.7010477986,0,0,0,218.531755614342,416.852432861535,618.81031433958
"CAF","global-estimate","admin2",2e-04,495.117737443114,1378.18693049614,3148.56444192185,0,0,0,148.535321232934,413.456079148842,944.569332576555
"CAF","global-estimate","admin2",0.001,878.157263730005,1523.61000220092,2923.47188051079,0,0,0,263.447179119001,457.083000660276,877.041564153237
"CAF","no-estimate","admin1",1e-04,859.707538636504,1477.07725839988,2118.15019987976,0,0,0,0,0,0
"CAF","no-estimate","admin1",2e-04,859.707538636504,1528.44573334514,2379.91733254439,0,0,0,0,0,0
"CAF","no-estimate","admin1",0.001,859.707538636504,1528.44573334514,3121.14717997813,0,0,0,0,0,0
"CAF","no-estimate","admin2",1e-04,723.931690971202,1375.93657695536,1873.4215700925,0,0,0,0,0,0
"CAF","no-estimate","admin2",2e-04,723.931690971202,1384.18384053251,2015.48092984039,0,0,0,0,0,0
"CAF","no-estimate","admin2",0.001,878.624477948184,1504.24118045426,2732.02461975245,0,0,0,0,0,0
"CIV","district-estimate","admin1",1e-04,6397.75205831117,7005.13011280588,8046.80110301882,4734.33652315027,5183.79628347635,5954.63281623393,1272.58965742279,1393.40444099844,1600.60530100368
"CIV","district-estimate","admin1",2e-04,6632.67890310703,7474.49810177295,8244.63411601819,4908.1823882992,5531.12859531198,6101.02924585346,1319.31942597483,1486.76736641986,1639.95666128541
"CIV","district-estimate","admin1",0.001,6671.34689821251,7639.38558547199,8330.58185205508,4936.79670467726,5653.14533324927,6164.63057052076,1327.01095421725,1519.5654655774,1657.05269735598
"CIV","district-estimate","admin2",1e-04,5792.28251765849,6732.32082372513,8018.13140105122,4286.28906306728,4981.9174095566,5933.4172367779,1152.15450015249,1339.13939968881,1594.9025532459
"CIV","district-estimate","admin2",2e-04,6661.86866702485,7477.53520914459,8229.44117090849,4929.78281359839,5533.376054767,6089.78646647228,1325.12562029525,1487.37148352137,1636.93460218775
"CIV","district-estimate","admin2",0.001,6689.2204386882,7641.57141627921,8299.32255318544,4950.02312462927,5654.76284804662,6141.49868935723,1330.56621590035,1520.00025355493,1650.83484769922
"CIV","global-estimate","admin1",1e-04,6577.49486708012,7160.21380282911,8117.68692648297,0,0,0,1973.24846012404,2148.06414084873,2435.30607794489
"CIV","global-estimate","admin1",2e-04,6756.42709601058,7640.18594904011,8581.73775700237,0,0,0,2026.92812880317,2292.05578471203,2574.52132710071
"CIV","global-estimate","admin1",0.001,6671.34689821251,7639.38558547199,8330.58185205507,0,0,0,2001.40406946375,2291.8156756416,2499.17455561652
"CIV","global-estimate","admin2",1e-04,5834.57396303907,6854.39498706563,7958.46938292237,0,0,0,1750.37218891172,2056.31849611969,2387.54081487671
"CIV","global-estimate","admin2",2e-04,4447.45087168779,7612.60659720218,12422.0830454892,0,0,0,1334.23526150634,2283.78197916065,3726.62491364676
"CIV","global-estimate","admin2",0.001,6689.2204386882,7641.57141627921,8299.32255318544,0,0,0,2006.76613160646,2292.47142488376,2489.79676595563
"CIV","no-estimate","admin1",1e-04,5999.86651899155,6471.93894166999,7055.14194241595,0,0,0,0,0,0
"CIV","no-estimate","admin1",2e-04,6576.31241375741,7078.87695796317,7726.3093974031,0,0,0,0,0,0
"CIV","no-estimate","admin1",0.001,6743.4862069198,7710.66597987933,8415.3379018606,0,0,0,0,0,0
"CIV","no-estimate","admin2",1e-04,4949.16847349214,5618.30291136539,6402.68329444834,0,0,0,0,0,0
"CIV","no-estimate","admin2",2e-04,5774.09907758671,6697.62662881974,7601.77406446419,0,0,0,0,0,0
"CIV","no-estimate","admin2",0.001,6671.42364079545,7626.85967124505,8286.32936466152,0,0,0,0,0,0
"CMR","district-estimate","admin1",1e-04,107845.231273731,127726.713410949,152120.319592469,79805.4711425609,94517.7679241023,112569.036498427,21451.7106431204,25406.3760179987,30258.5570107772
"CMR","district-estimate","admin1",2e-04,129980.75704691,151397.776974435,177851.730919083,96185.7602147134,112034.354961082,131610.280880121,25854.732345715,30114.8346135388,35376.8435005766
"CMR","district-estimate","admin1",0.001,187453.679462178,221004.808322332,260697.262973667,138715.722802012,163543.558158526,192915.974600514,37286.7862891808,43960.5084330117,51855.8139726181
"CMR","district-estimate","admin2",1e-04,109471.6131324,127542.396787122,147360.951918549,81008.993717976,94381.3736224703,109047.104419726,21775.217511392,25369.71322972,29311.8616680224
"CMR","district-estimate","admin2",2e-04,125054.593947643,143543.539818971,159249.154960373,92540.3995212558,106222.219466039,117844.374670676,24874.8593913136,28552.5325924712,31676.5679114777
"CMR","district-estimate","admin2",0.001,174789.864675094,197210.218349415,231040.504530802,129344.49985957,145935.561578567,170969.973352793,34767.8015622523,39227.4789523188,45956.7288372309
"CMR","global-estimate","admin1",1e-04,111372.734667468,131808.887028955,154918.717987088,0,0,0,33411.8204002404,39542.6661086865,46475.6153961264
"CMR","global-estimate","admin1",2e-04,137729.239842225,163352.264157388,192460.2774238,0,0,0,41318.7719526675,49005.6792472164,57738.08322714
"CMR","global-estimate","admin1",0.001,187453.679462178,226466.991359357,264723.250356355,0,0,0,56236.1038386534,67940.0974078071,79416.9751069065
"CMR","global-estimate","admin2",1e-04,112554.6268955,132119.513752075,149985.429204934,0,0,0,33766.38806865,39635.8541256225,44995.6287614802
"CMR","global-estimate","admin2",2e-04,101266.618416143,142440.856069385,231077.882842512,0,0,0,30379.9855248429,42732.2568208155,69323.3648527536
"CMR","global-estimate","admin2",0.001,185379.923616459,205138.797849499,236515.661188941,0,0,0,55613.9770849377,61541.6393548497,70954.6983566823
"CMR","no-estimate","admin1",1e-04,97430.776114762,118587.492039219,135912.646647287,0,0,0,0,0,0
"CMR","no-estimate","admin1",2e-04,106835.635044184,126186.093014722,146327.499222643,0,0,0,0,0,0
"CMR","no-estimate","admin1",0.001,173968.482829301,199663.685285932,236184.409362969,0,0,0,0,0,0
"CMR","no-estimate","admin2",1e-04,99225.9164462767,118330.86328479,132455.964944388,0,0,0,0,0,0
"CMR","no-estimate","admin2",2e-04,108051.413647109,127869.57070284,140961.340083973,0,0,0,0,0,0
"CMR","no-estimate","admin2",0.001,158150.592665598,168005.465312691,181089.812057156,0,0,0,0,0,0
"COD","district-estimate","admin1",1e-04,291533.849760454,322177.205557585,363655.246923525,215735.048822736,238411.132112613,269104.882723409,57989.5811235514,64084.9123118703,72335.3924760522
"COD","district-estimate","admin1",2e-04,349790.867177796,385005.708115746,433057.996932381,258845.241711569,284904.224005652,320462.917729962,69577.6009720698,76582.2554127193,86140.4322858138
"COD","district-estimate","admin1",0.001,508725.342911745,557795.480147709,623593.453500293,376456.753754691,412768.655309305,461459.155590217,101191.575409261,110952.214547141,124040.22102265
"COD","district-estimate","admin2",1e-04,291176.020678557,314038.80195584,344828.316069136,215470.255302132,232388.713447322,255172.953891161,57918.4046252131,62466.0861746401,68590.490005944
"COD","district-estimate","admin2",2e-04,319531.632120317,343424.823041847,376351.512408881,236453.407769035,254134.369050967,278500.119182572,63558.6760083165,68311.3184008999,74860.8320362753
"COD","district-estimate","admin2",0.001,406281.370600655,440891.448628669,481738.956399011,300648.214244485,326259.671985215,356486.827735268,80814.2399889175,87698.5998296258,95823.6592952401
"COD","global-estimate","admin1",1e-04,307964.499485764,332468.112565213,372996.326717291,0,0,0,92389.3498457292,99740.4337695639,111898.898015187
"COD","global-estimate","admin1",2e-04,386337.132033282,422388.130784908,498426.640224823,0,0,0,115901.139609985,126716.439235472,149527.992067447
"COD","global-estimate","admin1",0.001,508715.506059791,561308.341630641,641484.328418574,0,0,0,152614.651817937,168392.502489192,192445.298525572
"COD","global-estimate","admin2",1e-04,299447.981029757,319951.476521392,349130.26614496,0,0,0,89834.3943089271,95985.4429564176,104739.079843488
"COD","global-estimate","admin2",2e-04,268721.079867906,349879.315999025,477576.265238925,0,0,0,80616.3239603718,104963.794799707,143272.879571678
"COD","global-estimate","admin2",0.001,420263.678174471,452003.861696519,490772.103908393,0,0,0,126079.103452341,135601.158508956,147231.631172518
"COD","no-estimate","admin1",1e-04,272213.645636123,296682.540425371,341228.180113853,0,0,0,0,0,0
"COD","no-estimate","admin1",2e-04,294414.107585023,322212.606887559,354886.772904639,0,0,0,0,0,0
"COD","no-estimate","admin1",0.001,469038.70637658,507973.374462299,549786.599441433,0,0,0,0,0,0
"COD","no-estimate","admin2",1e-04,277223.969004396,297427.323737724,330123.728510553,0,0,0,0,0,0
"COD","no-estimate","admin2",2e-04,290500.336975621,310813.667784193,340942.065869244,0,0,0,0,0,0
"COD","no-estimate","admin2",0.001,367132.330492697,394202.956986039,424384.072113433,0,0,0,0,0,0
"COG","district-estimate","admin1",1e-04,9365.03847799117,13048.2974182921,27647.565112869,6930.12847371346,9655.74008953616,20459.1981835231,1862.81853373418,2595.46293606732,5499.432471731
"COG","district-estimate","admin1",2e-04,12565.7964687578,17097.9317155392,28403.6394881295,9298.68938688077,12652.469469499,21018.6932212158,2499.48770719355,3400.98379340133,5649.82473786281
"COG","district-estimate","admin1",0.001,16107.4069719793,24391.7920379951,52804.3995720975,11919.4811592647,18049.9261081164,39075.2556833522,3203.95653561035,4851.82013786168,10503.4287276851
"COG","district-estimate","admin2",1e-04,9357.24164105823,12591.3870610015,27083.670381582,6924.35881438309,9317.62642514111,20041.9160823707,1861.26764930617,2504.57798307793,5387.26704294124
"COG","district-estimate","admin2",2e-04,11116.55509668,14374.1516883074,29750.9461968835,8226.2507715432,10636.8722493475,22015.7001856938,2211.21620739081,2859.1912606246,5917.82020991449
"COG","district-estimate","admin2",0.001,14613.1408970543,19494.5922132956,45139.4796010299,10813.7242638202,14425.9982378387,33403.2149047621,2906.72908211487,3877.70832633105,8978.78416640006
"COG","global-estimate","admin1",1e-04,10749.7907405241,13708.0887221957,27657.2439318252,0,0,0,3224.93722215723,4112.42661665871,8297.17317954756
"COG","global-estimate","admin1",2e-04,13225.0134733591,19002.0211981337,33132.2563416015,0,0,0,3967.50404200773,5700.60635944011,9939.67690248045
"COG","global-estimate","admin1",0.001,16107.4069719792,24391.7920379951,53771.4470761322,0,0,0,4832.22209159376,7317.53761139853,16131.4341228397
"COG","global-estimate","admin2",1e-04,9552.08003727511,13396.1203654734,27089.5341434644,0,0,0,2865.62401118253,4018.83610964202,8126.86024303932
"COG","global-estimate","admin2",2e-04,8307.41914021477,16032.0222187936,42232.3021384057,0,0,0,2492.22574206443,4809.60666563808,12669.6906415217
"COG","global-estimate","admin2",0.001,15487.6919271435,19752.4695093872,46012.661784047,0,0,0,4646.30757814305,5925.74085281616,13803.7985352141
"COG","no-estimate","admin1",1e-04,8254.00375389526,12317.247537314,26906.9331997117,0,0,0,0,0,0
"COG","no-estimate","admin1",2e-04,10309.2126734113,13069.7845168649,27657.2439318251,0,0,0,0,0,0
"COG","no-estimate","admin1",0.001,16116.9713014002,24403.8339474568,38543.8494672912,0,0,0,0,0,0
"COG","no-estimate","admin2",1e-04,8696.90728886485,12052.3508736707,26534.0488953853,0,0,0,0,0,0
"COG","no-estimate","admin2",2e-04,9417.15359239139,12231.0557587502,26541.8504803938,0,0,0,0,0,0
"COG","no-estimate","admin2",0.001,13689.5082294933,17214.8371875319,37183.2751046883,0,0,0,0,0,0
"ETH","district-estimate","admin1",1e-04,98380.1828448493,116687.149616404,130391.593474534,72801.3353051885,86348.490716139,96489.7791711552,19568.9989300347,23210.4743044982,25936.4526412065
"ETH","district-estimate","admin1",2e-04,107305.377131393,123954.987906381,139254.187770146,79405.9790772308,91726.6910507219,103048.098949908,21344.3271759596,24656.1345544341,27699.3289977353
"ETH","district-estimate","admin1",0.001,114540.964519372,126143.638607407,141638.193608318,84760.3137443353,93346.2925694812,104812.263270155,22783.5723344773,25091.4834426765,28173.5363670177
"ETH","district-estimate","admin2",1e-04,75350.2663350898,89218.7401330026,100983.848450002,55759.1970879664,66021.8676984219,74728.0478530015,14988.0721772454,17746.6780373358,20086.8992628868
"ETH","district-estimate","admin2",2e-04,91221.3393211989,100234.787708896,116746.196101377,67503.7910976872,74173.742904583,86392.185115019,18145.0190470583,19937.9020927519,23222.2193589171
"ETH","district-estimate","admin2",0.001,106012.972152361,124637.380773158,140516.251833683,78449.5993927471,92231.6617721369,103982.026356925,21087.2523167704,24791.8706843504,27950.3686847416
"ETH","global-estimate","admin1",1e-04,102580.314951958,118389.037256415,131566.866324407,0,0,0,30774.0944855874,35516.7111769245,39470.0598973221
"ETH","global-estimate","admin1",2e-04,111234.113686211,126073.493686203,146146.147240438,0,0,0,33370.2341058633,37822.0481058609,43843.8441721314
"ETH","global-estimate","admin1",0.001,114540.964519372,126143.638607407,141638.193608318,0,0,0,34362.2893558116,37843.0915822221,42491.4580824954
"ETH","global-estimate","admin2",1e-04,76855.5174984752,91476.9865866986,104244.236693375,0,0,0,23056.6552495426,27443.0959760096,31273.2710080125
"ETH","global-estimate","admin2",2e-04,67453.6522535162,100976.056691007,137116.272720079,0,0,0,20236.0956760549,30292.8170073021,41134.8818160237
"ETH","global-estimate","admin2",0.001,111838.162304971,124741.670099991,140516.251833683,0,0,0,33551.4486914913,37422.5010299973,42154.8755501049
"ETH","no-estimate","admin1",1e-04,92591.656918034,99520.6139046785,109886.39521633,0,0,0,0,0,0
"ETH","no-estimate","admin1",2e-04,102574.844485441,117814.354383718,131566.866324407,0,0,0,0,0,0
"ETH","no-estimate","admin1",0.001,114780.097960505,126363.422777371,141782.434874954,0,0,0,0,0,0
"ETH","no-estimate","admin2",1e-04,71854.6604165608,79389.3750114596,89356.2341203813,0,0,0,0,0,0
"ETH","no-estimate","admin2",2e-04,76073.5128175628,88307.109705568,100089.929786977,0,0,0,0,0,0
"ETH","no-estimate","admin2",0.001,99626.4749865715,120576.818614408,129172.025173948,0,0,0,0,0,0
"GHA","district-estimate","admin1",1e-04,93477.5674888246,105263.434310806,118786.73266327,69173.3999417302,77894.9413899964,87902.1821708198,18593.8099043371,20938.160245631,23628.1065675164
"GHA","district-estimate","admin1",2e-04,110947.719659003,125833.828078694,144015.323912117,82101.3125476622,93117.0327782336,106571.339694967,22068.8328128116,25029.8584107892,28646.376110007
"GHA","district-estimate","admin1",0.001,162381.353755134,185037.680573393,209198.355230665,120162.201778799,136927.883624311,154806.782870692,32299.5998381412,36806.2151182148,41612.063235642
"GHA","district-estimate","admin2",1e-04,97879.5603657089,100708.06388036,104319.974977512,72430.8746706246,74523.9672714664,77196.7814833589,19469.4191114639,20032.0424025702,20750.4948627269
"GHA","district-estimate","admin2",2e-04,107966.574780819,113019.21850274,122890.293620189,79895.2653378061,83634.2216920276,90938.8172789399,21475.8473228023,22480.878790817,24444.354084579
"GHA","district-estimate","admin2",0.001,155301.293647174,163413.577193635,171633.559849871,114922.957298909,120926.04712329,127008.834288905,30891.2909219467,32504.9214667403,34139.9746568575
"GHA","global-estimate","admin1",1e-04,100111.952969066,109339.192747,121988.531941013,0,0,0,30033.5858907198,32801.7578241,36596.5595823039
"GHA","global-estimate","admin1",2e-04,121137.333391788,137975.187430668,156413.552688958,0,0,0,36341.2000175364,41392.5562292004,46924.0658066874
"GHA","global-estimate","admin1",0.001,162381.353755134,185037.680573393,209198.355230665,0,0,0,48714.4061265402,55511.3041720179,62759.5065691995
"GHA","global-estimate","admin2",1e-04,100871.558803894,104090.316933474,106906.024679767,0,0,0,30261.4676411682,31227.0950800422,32071.8074039301
"GHA","global-estimate","admin2",2e-04,91454.0421917971,120056.272404657,154937.797178092,0,0,0,27436.2126575391,36016.8817213971,46481.3391534276
"GHA","global-estimate","admin2",0.001,164222.800008115,168008.327025327,172341.388704505,0,0,0,49266.8400024345,50402.4981075981,51702.4166113515
"GHA","no-estimate","admin1",1e-04,85505.9268733548,96173.2598144434,108571.796733864,0,0,0,0,0,0
"GHA","no-estimate","admin1",2e-04,95106.9011220353,105652.564096051,117333.211422951,0,0,0,0,0,0
"GHA","no-estimate","admin1",0.001,156389.537753498,165316.417328864,177153.095560523,0,0,0,0,0,0
"GHA","no-estimate","admin2",1e-04,91588.9459923404,93584.7678723829,95433.7781619079,0,0,0,0,0,0
"GHA","no-estimate","admin2",2e-04,98314.7593388602,100213.815838709,102105.492558477,0,0,0,0,0,0
"GHA","no-estimate","admin2",0.001,140392.339052904,143649.319206298,146902.740517072,0,0,0,0,0,0
"GIN","district-estimate","admin1",1e-04,25490.2651322166,29870.0440718666,34993.1363849689,18862.7961978403,22103.8326131813,25894.920924877,5070.31961797947,5941.51020642313,6960.55474460693
"GIN","district-estimate","admin1",2e-04,29815.5784287246,36771.9246633945,44840.4027445554,22063.5280372562,27211.2242509119,33181.898030971,5930.67633641447,7314.37707864513,8919.294190725
"GIN","district-estimate","admin1",0.001,39485.9340936065,50458.7988628724,54336.7843518264,29219.5912292688,37339.5111585256,40209.2204203515,7854.22612242746,10036.8605994117,10808.2384489905
"GIN","district-estimate","admin2",1e-04,22754.8652256379,27411.2867561807,32520.5951422962,16838.600266972,20284.3521995737,24065.2404052992,4526.21575176209,5452.43387124542,6468.73662094442
"GIN","district-estimate","admin2",2e-04,26951.6306631674,33010.412333053,40563.3099236972,19944.2066907439,24427.7051264592,30016.8493435359,5361.00275847195,6566.16713799224,8068.52910354246
"GIN","district-estimate","admin2",0.001,38529.7522103573,49209.237976697,52224.4667351659,28512.0166356644,36414.8361027558,38646.1053840228,7664.03007166659,9788.30794442075,10388.0731272253
"GIN","global-estimate","admin1",1e-04,25914.2689741358,31280.7796192299,35246.3408820141,0,0,0,7774.28069224074,9384.23388576897,10573.9022646042
"GIN","global-estimate","admin1",2e-04,32122.6576829117,40159.2725410623,49961.1185154207,0,0,0,9636.79730487351,12047.7817623187,14988.3355546262
"GIN","global-estimate","admin1",0.001,39485.9340936065,50458.7988628724,54336.7843518265,0,0,0,11845.7802280819,15137.6396588617,16301.0353055479
"GIN","global-estimate","admin2",1e-04,23612.7830871354,27778.8673953077,34288.4200984363,0,0,0,7083.83492614062,8333.66021859231,10286.5260295309
"GIN","global-estimate","admin2",2e-04,17881.0491682446,34508.2113105748,59800.3477667743,0,0,0,5364.31475047338,10352.4633931724,17940.1043300323
"GIN","global-estimate","admin2",0.001,38529.7522103572,49209.237976697,52224.4667351659,0,0,0,11558.9256631072,14762.7713930091,15667.3400205498
"GIN","no-estimate","admin1",1e-04,22799.7688875367,27071.1420087356,29072.16785161,0,0,0,0,0,0
"GIN","no-estimate","admin1",2e-04,25699.6494861715,30318.3429867882,32752.3600561565,0,0,0,0,0,0
"GIN","no-estimate","admin1",0.001,39334.3621766944,50266.4191192281,54109.2510085386,0,0,0,0,0,0
"GIN","no-estimate","admin2",1e-04,20994.4989492516,26237.4130684595,27747.1184596471,0,0,0,0,0,0
"GIN","no-estimate","admin2",2e-04,22768.3617460883,27028.3282479803,28646.5679402653,0,0,0,0,0,0
"GIN","no-estimate","admin2",0.001,38536.2594264189,48838.3058904032,52033.9041405188,0,0,0,0,0,0
"GNB","district-estimate","admin1",1e-04,5644.23403836413,6859.00967648081,7838.00085778522,4176.73318838946,5075.6671605958,5800.12063476106,1122.70588103909,1364.33933276815,1559.07242662377
"GNB","district-estimate","admin1",2e-04,6604.05252530556,7989.01093549597,9552.3253135641,4886.99886872611,5911.86809226702,7068.72073203743,1313.62529591358,1589.11014320137,1900.07213277166
"GNB","district-estimate","admin1",0.001,9583.64907549794,10718.0873385868,11646.0826577848,7091.90031586848,7931.38463055423,8618.10116676075,1906.30280490545,2131.95618869298,2316.54559362529
"GNB","district-estimate","admin2",1e-04,4982.41310567781,5945.71920323642,6744.24377328021,3686.98569820158,4399.83221039495,4990.74039222736,991.061755676584,1182.67489815416,1341.51101743071
"GNB","district-estimate","admin2",2e-04,6096.34232325689,7078.90186677709,8309.26544774028,4511.2933192101,5238.38738141505,6148.85643132781,1212.63564420367,1408.07852812436,1652.81260874091
"GNB","district-estimate","admin2",0.001,8317.89805511819,9240.62155670093,10387.5110439777,6155.24456078746,6838.05995195869,7686.7581725435,1654.52973793967,1838.0705150865,2066.20059677969
"GNB","global-estimate","admin1",1e-04,5586.3399119426,6876.19750352756,7972.52849691797,0,0,0,1675.90197358278,2062.85925105827,2391.75854907539
"GNB","global-estimate","admin1",2e-04,6531.18585147598,8105.95325954342,9861.57116890786,0,0,0,1959.35575544279,2431.78597786303,2958.47135067236
"GNB","global-estimate","admin1",0.001,9622.93827795977,10639.4594594805,11563.6223640808,0,0,0,2886.88148338793,3191.83783784415,3469.08670922424
"GNB","global-estimate","admin2",1e-04,5162.09659514471,6326.41136834652,7224.69228199283,0,0,0,1548.62897854341,1897.92341050396,2167.40768459785
"GNB","global-estimate","admin2",2e-04,3990.07692355641,7253.18466342938,11753.5166178942,0,0,0,1197.02307706692,2175.95539902881,3526.05498536826
"GNB","global-estimate","admin2",0.001,8435.22363847814,9324.80581623201,10112.6970707395,0,0,0,2530.56709154344,2797.4417448696,3033.80912122185
"GNB","no-estimate","admin1",1e-04,5051.5303212509,6022.87313223779,6492.62107366139,0,0,0,0,0,0
"GNB","no-estimate","admin1",2e-04,5471.32414563495,6536.61827483943,6999.17807843172,0,0,0,0,0,0
"GNB","no-estimate","admin1",0.001,8676.59566811115,9648.29930359269,10369.7420605684,0,0,0,0,0,0
"GNB","no-estimate","admin2",1e-04,4804.8288608728,5578.84286892529,5997.66508379793,0,0,0,0,0,0
"GNB","no-estimate","admin2",2e-04,5061.32396793024,5843.54685825855,6278.18642843362,0,0,0,0,0,0
"GNB","no-estimate","admin2",0.001,7776.8923685068,8759.89634623529,9562.78633300544,0,0,0,0,0,0
"KEN","district-estimate","admin1",1e-04,87582.5943906538,108561.084249936,131362.048675178,64811.1198490838,80335.2023449526,97207.9160196317,17421.2290154337,21594.1023903233,26129.487826077
"KEN","district-estimate","admin1",2e-04,98321.0092722981,120600.63479079,144543.375727285,72757.5468615006,89244.4697451846,106962.098038191,19557.2285963714,23988.9134675056,28751.4119526657
"KEN","district-estimate","admin1",0.001,127687.816528162,173044.222075279,216648.199679756,94488.9842308399,128052.724335706,160319.667763019,25398.6389612498,34420.5723014379,43093.9266946996
"KEN","district-estimate","admin2",1e-04,78528.5956713335,97713.3092973002,120898.58448136,58111.1607967868,72307.8488800022,89464.9525162064,15620.2800221763,19436.3497789446,24048.1792363563
"KEN","district-estimate","admin2",2e-04,84680.3015345208,105348.991236617,128194.216564578,62663.4231355454,77958.2535150966,94863.7202577877,16843.9281388346,20955.178544858,25499.3680052933
"KEN","district-estimate","admin2",0.001,109762.166629486,132201.35307139,160132.866872495,81224.0033058196,97829.0012728286,118498.321485646,21833.0120886043,26296.4355421363,31852.3488153417
"KEN","global-estimate","admin1",1e-04,88332.3221761292,110913.629556792,133408.158820945,0,0,0,26499.6966528388,33274.0888670376,40022.4476462835
"KEN","global-estimate","admin1",2e-04,102530.711327869,128388.869148601,154327.116892734,0,0,0,30759.2133983607,38516.6607445803,46298.1350678202
"KEN","global-estimate","admin1",0.001,127687.816528162,173280.153111891,222265.309707855,0,0,0,38306.3449584486,51984.0459335673,66679.5929123565
"KEN","global-estimate","admin2",1e-04,80176.9356039119,99478.380379542,121409.109218301,0,0,0,24053.0806811736,29843.5141138626,36422.7327654903
"KEN","global-estimate","admin2",2e-04,73978.5794482509,104963.338831159,166918.382997789,0,0,0,22193.5738344753,31489.0016493477,50075.5148993367
"KEN","global-estimate","admin2",0.001,112206.519287344,134330.046746817,162171.943260692,0,0,0,33661.9557862032,40299.0140240451,48651.5829782076
"KEN","no-estimate","admin1",1e-04,78459.9162805012,99189.4109695046,124000.210872376,0,0,0,0,0,0
"KEN","no-estimate","admin1",2e-04,86292.9861800935,106527.35524646,130530.01618015,0,0,0,0,0,0
"KEN","no-estimate","admin1",0.001,118175.755894597,146621.890786342,181520.465673558,0,0,0,0,0,0
"KEN","no-estimate","admin2",1e-04,71636.7085058819,91551.4221198505,115460.288434992,0,0,0,0,0,0
"KEN","no-estimate","admin2",2e-04,78650.9965144568,98170.1150768079,120633.784663163,0,0,0,0,0,0
"KEN","no-estimate","admin2",0.001,95127.4652059053,119218.52177817,144328.226426557,0,0,0,0,0,0
"LBR","district-estimate","admin1",1e-04,3218.71998801218,4724.65430841551,8660.17102263729,2381.85279112901,3496.24418822748,6408.5265567516,640.242030255479,939.790437795546,1722.61193845483
"LBR","district-estimate","admin1",2e-04,3673.43437494726,5084.66916786956,9579.93923083869,2718.34143746097,3762.65518422347,7089.15503082063,730.690178389509,1011.40171351927,1905.56487228459
"LBR","district-estimate","admin1",0.001,5633.94146197765,8014.94281437672,12285.9997337893,4169.11668186346,5931.05768263877,9091.63980300408,1120.6585640849,1594.2683050933,2443.8327790475
"LBR","district-estimate","admin2",1e-04,3228.4018923783,4610.20960323925,8008.23818365955,2389.01740035994,3411.55510639705,5926.09625590807,642.167877216752,917.026012599526,1592.93467358809
"LBR","district-estimate","admin2",2e-04,3348.00472032427,4786.52438708105,8820.26881656613,2477.52349303996,3542.02804643998,6526.99892425894,665.958314929141,952.097138883066,1754.4573108408
"LBR","district-estimate","admin2",0.001,5005.84159287891,6670.89990317818,11740.8490394996,3704.32277873039,4936.46592835185,8688.2282892297,995.72196292273,1326.92204154098,2335.39576414494
"LBR","global-estimate","admin1",1e-04,3219.06787344319,4742.59244491923,9038.0098292615,0,0,0,965.720362032957,1422.77773347577,2711.40294877845
"LBR","global-estimate","admin1",2e-04,3915.9281444506,5467.83061298658,14161.0613852222,0,0,0,1174.77844333518,1640.34918389597,4248.31841556666
"LBR","global-estimate","admin1",0.001,5633.94146197765,8306.53770530152,12285.9997337894,0,0,0,1690.18243859329,2491.96131159046,3685.79992013682
"LBR","global-estimate","admin2",1e-04,3228.61314044189,4693.14064854386,8531.50575929524,0,0,0,968.583942132567,1407.94219456316,2559.45172778857
"LBR","global-estimate","admin2",2e-04,2005.70881859719,4887.20327177077,11454.5155079411,0,0,0,601.712645579157,1466.16098153123,3436.35465238233
"LBR","global-estimate","admin2",0.001,5165.78142858653,7040.32489845554,11740.8490394996,0,0,0,1549.73442857596,2112.09746953666,3522.25471184988
"LBR","no-estimate","admin1",1e-04,3217.74635290329,4571.20256405369,7455.41377703761,0,0,0,0,0,0
"LBR","no-estimate","admin1",2e-04,3218.8312597029,4716.77793016327,8952.79373434792,0,0,0,0,0,0
"LBR","no-estimate","admin1",0.001,4724.97417696874,6790.58272368867,11481.1522212735,0,0,0,0,0,0
"LBR","no-estimate","admin2",1e-04,3137.5990080205,4510.50675395947,7202.29421809597,0,0,0,0,0,0
"LBR","no-estimate","admin2",2e-04,3228.01570769001,4637.38568096726,7933.03709592289,0,0,0,0,0,0
"LBR","no-estimate","admin2",0.001,3988.73586781081,5558.95930877213,9312.60518258601,0,0,0,0,0,0
"MDG","district-estimate","admin1",1e-04,2707.63163913171,3837.42892064241,6847.01795069437,2003.64741295747,2839.69740127538,5066.79328351383,538.580424602967,763.310661462823,1361.95403460852
"MDG","district-estimate","admin1",2e-04,2707.63163913171,3837.42892064241,6847.01795069437,2003.64741295747,2839.69740127538,5066.79328351383,538.580424602967,763.310661462823,1361.95403460852
"MDG","district-estimate","admin1",0.001,2707.63163913171,3837.42892064241,6847.01795069437,2003.64741295747,2839.69740127538,5066.79328351383,538.580424602967,763.310661462823,1361.95403460852
"MDG","district-estimate","admin2",1e-04,2735.30060556234,3810.65023568997,6831.05077733525,2024.12244811613,2819.88117441058,5054.97757522808,544.084114053616,757.984059681563,1358.77797222131
"MDG","district-estimate","admin2",2e-04,2735.30060556234,3810.65023568997,6831.05077733525,2024.12244811613,2819.88117441058,5054.97757522808,544.084114053616,757.984059681563,1358.77797222131
"MDG","district-estimate","admin2",0.001,2735.30060556234,3810.65023568997,6831.05077733525,2024.12244811613,2819.88117441058,5054.97757522808,544.084114053616,757.984059681563,1358.77797222131
"MDG","global-estimate","admin1",1e-04,2708.17905074734,3836.44434190832,6845.45718412786,0,0,0,812.453715224202,1150.9333025725,2053.63715523836
"MDG","global-estimate","admin1",2e-04,2724.374083354,3844.61425812787,6862.44773697607,0,0,0,817.3122250062,1153.38427743836,2058.73432109282
"MDG","global-estimate","admin1",0.001,2707.63163913171,3837.42892064241,6847.01795069437,0,0,0,812.289491739513,1151.22867619272,2054.10538520831
"MDG","global-estimate","admin2",1e-04,2735.62497084522,3810.93078084293,6832.16768058604,0,0,0,820.687491253566,1143.27923425288,2049.65030417581
"MDG","global-estimate","admin2",2e-04,1538.42179612968,3845.08666448685,9200.62189818286,0,0,0,461.526538838904,1153.52599934605,2760.18656945486
"MDG","global-estimate","admin2",0.001,2735.30060556234,3810.65023568997,6831.05077733525,0,0,0,820.590181668702,1143.19507070699,2049.31523320057
"MDG","no-estimate","admin1",1e-04,2708.17905074734,3836.44434190832,6845.45718412787,0,0,0,0,0,0
"MDG","no-estimate","admin1",2e-04,2708.17905074734,3836.44434190832,6845.45718412787,0,0,0,0,0,0
"MDG","no-estimate","admin1",0.001,2708.17905074734,3836.44434190832,6845.45718412787,0,0,0,0,0,0
"MDG","no-estimate","admin2",1e-04,2735.62497084522,3810.93078084294,6601.21633720096,0,0,0,0,0,0
"MDG","no-estimate","admin2",2e-04,2735.62497084522,3810.93078084294,6832.16768058604,0,0,0,0,0,0
"MDG","no-estimate","admin2",0.001,2735.62497084522,3810.93078084294,6832.16768058604,0,0,0,0,0,0
"MLI","district-estimate","admin1",1e-04,9291.02740809106,11086.992051251,12928.802130371,6875.36028198738,8204.37411792574,9567.31357647454,1848.09684379821,2205.33576289844,2571.69388935636
"MLI","district-estimate","admin1",2e-04,10015.7005023459,11349.8427973775,13817.6431687817,7411.61837173597,8398.88367005935,10225.0559448985,1992.24301832263,2257.61993051195,2748.49503798871
"MLI","district-estimate","admin1",0.001,10015.7005023459,11349.8427973775,13817.6431687817,7411.61837173597,8398.88367005935,10225.0559448985,1992.24301832263,2257.61993051195,2748.49503798871
"MLI","district-estimate","admin2",1e-04,8287.6535973891,9352.40205438481,10397.8410493025,6132.86366206793,6920.77752024476,7694.40237648385,1648.51375236386,1860.30499744179,2068.25535879886
"MLI","district-estimate","admin2",2e-04,10013.5465972996,10989.2822053268,12319.2900023857,7410.0244820017,8132.06883194183,9116.27460176542,1991.81458076206,2185.90010202596,2450.45461295454
"MLI","district-estimate","admin2",0.001,10307.3781488947,11299.9652876299,13078.1896772556,7627.45983018208,8361.97431284613,9677.86036116914,2050.26120235294,2247.69869529304,2601.40886508227
"MLI","global-estimate","admin1",1e-04,10016.1608815309,11345.54490783,12885.3629228852,0,0,0,3004.84826445927,3403.663472349,3865.60887686556
"MLI","global-estimate","admin1",2e-04,9425.28196686434,11466.0531463632,16479.3686388026,0,0,0,2827.5845900593,3439.81594390896,4943.81059164078
"MLI","global-estimate","admin1",0.001,10015.7005023459,11349.8427973775,13817.6431687817,0,0,0,3004.71015070377,3404.95283921325,4145.29295063451
"MLI","global-estimate","admin2",1e-04,8846.51806607422,9966.96342928251,10913.6091841867,0,0,0,2653.95541982227,2990.08902878475,3274.08275525601
"MLI","global-estimate","admin2",2e-04,7308.95379037199,11241.4102490108,15214.3613397561,0,0,0,2192.6861371116,3372.42307470324,4564.30840192683
"MLI","global-estimate","admin2",0.001,10307.3781488947,11299.9652876299,13078.1896772556,0,0,0,3092.21344466841,3389.98958628897,3923.45690317668
"MLI","no-estimate","admin1",1e-04,8481.06381173675,9642.26307167749,10830.1504575768,0,0,0,0,0,0
"MLI","no-estimate","admin1",2e-04,9871.93648182102,11186.6969713946,12385.4125130651,0,0,0,0,0,0
"MLI","no-estimate","admin1",0.001,10016.1608815309,11352.6675774412,13819.7982343745,0,0,0,0,0,0
"MLI","no-estimate","admin2",1e-04,6864.66276716108,7358.08512795294,8096.29919289459,0,0,0,0,0,0
"MLI","no-estimate","admin2",2e-04,8549.6984212358,9431.86158161635,10101.4994573675,0,0,0,0,0,0
"MLI","no-estimate","admin2",0.001,10307.3750303741,11299.9346427411,13078.1669636714,0,0,0,0,0,0
"MOZ","district-estimate","admin1",1e-04,44752.8091105515,52869.2455973071,75411.8236149321,33117.0787418081,39123.2417420073,55804.7494750498,8901.87076579802,10516.3273802516,15000.3166588934
"MOZ","district-estimate","admin1",2e-04,49908.9483931429,58546.0810960771,90422.5827271941,36932.6218109257,43324.100011097,66912.7112181236,9927.48874277684,11645.5180829829,17986.1367754316
"MOZ","district-estimate","admin1",0.001,49908.9483931429,61143.5947915732,96541.2092613117,36932.6218109257,45246.2601457642,71440.4948533707,9927.48874277684,12162.1947271814,19203.205016586
"MOZ","district-estimate","admin2",1e-04,30713.0241136603,36152.6775288546,51252.9964478293,22727.6378441086,26752.9813713524,37927.2173713937,6109.1890524964,7191.20139261953,10194.8360294306
"MOZ","district-estimate","admin2",2e-04,32837.6948411026,39936.5627316461,54368.8004411539,24299.8941824159,29553.0564214181,40232.9123264539,6531.8115562334,7943.86156607719,10814.6068333508
"MOZ","district-estimate","admin2",0.001,47093.5629745427,55724.6230817191,76644.5636521549,34849.2366011616,41236.2210804721,56716.9771025946,9367.47479839224,11084.2962264309,15245.5234451774
"MOZ","global-estimate","admin1",1e-04,46507.5864077126,55670.3223221671,82116.8871111598,0,0,0,13952.2759223138,16701.0966966501,24635.0661333479
"MOZ","global-estimate","admin1",2e-04,49579.1721754148,60752.9372491021,94120.7775800666,0,0,0,14873.7516526244,18225.8811747306,28236.23327402
"MOZ","global-estimate","admin1",0.001,49908.9483931429,61143.5947915732,96541.2092613118,0,0,0,14972.6845179429,18343.078437472,28962.3627783935
"MOZ","global-estimate","admin2",1e-04,31779.3281613267,37285.7361261293,51627.3958655435,0,0,0,9533.79844839801,11185.7208378388,15488.218759663
"MOZ","global-estimate","admin2",2e-04,28545.6039983496,41637.0269421944,72744.1709259428,0,0,0,8563.68119950488,12491.1080826583,21823.2512777828
"MOZ","global-estimate","admin2",0.001,47755.3049216417,56323.7654514843,78754.9552546076,0,0,0,14326.5914764925,16897.1296354453,23626.4865763823
"MOZ","no-estimate","admin1",1e-04,36650.7624282742,41631.2080241009,59714.8132976622,0,0,0,0,0,0
"MOZ","no-estimate","admin1",2e-04,44943.9732278314,52749.5754328879,73517.4123649254,0,0,0,0,0,0
"MOZ","no-estimate","admin1",0.001,49909.7885183769,61146.2554414088,96623.3976956259,0,0,0,0,0,0
"MOZ","no-estimate","admin2",1e-04,28825.6041626991,34433.6361714006,49865.3281491511,0,0,0,0,0,0
"MOZ","no-estimate","admin2",2e-04,31173.1933751946,36196.0838859368,51330.2014055016,0,0,0,0,0,0
"MOZ","no-estimate","admin2",0.001,40104.0531895645,46333.4823090021,63571.3068192035,0,0,0,0,0,0
"MRT","district-estimate","admin1",1e-04,602.204747483978,782.570575934215,1174.2780490521,445.631513138144,579.102226191319,868.965756298554,119.785750731533,155.662678400227,233.577995293051
"MRT","district-estimate","admin1",2e-04,602.204747483978,782.570575934215,1182.11825561169,445.631513138144,579.102226191319,874.767509152651,119.785750731533,155.662678400227,235.137506460232
"MRT","district-estimate","admin1",0.001,602.204747483978,782.570575934215,1182.11825561169,445.631513138144,579.102226191319,874.767509152651,119.785750731533,155.662678400227,235.137506460232
"MRT","district-estimate","admin2",1e-04,432.938582305042,621.427226044408,933.764976213887,320.374550905731,459.856147272862,690.986082398276,86.1166792834605,123.609332386945,185.737058948657
"MRT","district-estimate","admin2",2e-04,515.252002902112,710.927661316378,1115.37560786893,381.286482147563,526.08646937412,825.377949823008,102.489806401265,141.412042967763,221.861592912425
"MRT","district-estimate","admin2",0.001,619.339167185402,784.410823490279,1154.03792245126,458.310983717197,580.464009382806,853.988062613932,123.193992423183,156.028725722098,229.551991230625
"MRT","global-estimate","admin1",1e-04,602.063133053431,782.411713633114,1182.83134408793,0,0,0,180.618939916029,234.723514089934,354.849403226379
"MRT","global-estimate","admin1",2e-04,545.963546585836,810.029477463538,1257.00875662461,0,0,0,163.789063975751,243.008843239061,377.102626987383
"MRT","global-estimate","admin1",0.001,602.204747483978,782.570575934214,1182.11825561169,0,0,0,180.661424245193,234.771172780264,354.635476683507
"MRT","global-estimate","admin2",1e-04,490.553784908582,640.291531272997,947.016216310673,0,0,0,147.166135472575,192.087459381899,284.104864893202
"MRT","global-estimate","admin2",2e-04,320.963347268783,748.292618737146,1472.60934959565,0,0,0,96.2890041806349,224.487785621144,441.782804878695
"MRT","global-estimate","admin2",0.001,619.339167185401,784.410823490278,1154.03792245125,0,0,0,185.80175015562,235.323247047083,346.211376735375
"MRT","no-estimate","admin1",1e-04,599.49161160909,705.756196063262,847.703390720636,0,0,0,0,0,0
"MRT","no-estimate","admin1",2e-04,602.06313305343,782.411713633114,1182.83134408793,0,0,0,0,0,0
"MRT","no-estimate","admin1",0.001,602.06313305343,782.411713633114,1182.83134408793,0,0,0,0,0,0
"MRT","no-estimate","admin2",1e-04,423.012919563828,568.37899477227,690.465004514711,0,0,0,0,0,0
"MRT","no-estimate","admin2",2e-04,439.479767446846,606.979403587099,850.99595508418,0,0,0,0,0,0
"MRT","no-estimate","admin2",0.001,619.227152565634,784.255545307777,1153.83144501328,0,0,0,0,0,0
"MWI","district-estimate","admin1",1e-04,10025.5371896957,11181.4882903896,14788.0821324554,7418.89752037482,8274.3013348883,10943.180778017,1994.19965347675,2224.13219881798,2941.52699313097
"MWI","district-estimate","admin1",2e-04,11224.5875768923,12012.0127937452,16281.5805056649,8306.1948069003,8888.88946737145,12048.369574192,2232.7051640948,2389.33348882945,3238.60174154282
"MWI","district-estimate","admin1",0.001,11224.5875768923,12012.0127937452,18468.586533467,8306.1948069003,8888.88946737145,13666.7540347656,2232.7051640948,2389.33348882945,3673.62348454499
"MWI","district-estimate","admin2",1e-04,8584.560062647,9203.92095552243,12233.2684875991,6352.57444635878,6810.9015070866,9052.61868082333,1707.57201118124,1830.77032510488,2433.34390140531
"MWI","district-estimate","admin2",2e-04,9545.85964627563,10369.75768616,13485.2223861882,7063.93613824397,7673.6206877584,9979.06456577927,1898.78603395998,2062.66924086946,2682.37255528147
"MWI","district-estimate","admin2",0.001,11405.3035466489,11955.2041014818,17687.1087275499,8439.92462452019,8846.85103509653,13088.4604583869,2268.65173907103,2378.03355823395,3518.17817121441
"MWI","global-estimate","admin1",1e-04,10937.3536209875,11736.2955661233,15813.1467995045,0,0,0,3281.20608629625,3520.88866983699,4743.94403985135
"MWI","global-estimate","admin1",2e-04,11044.2333330326,12269.394286141,16895.4206449927,0,0,0,3313.26999990978,3680.8182858423,5068.62619349781
"MWI","global-estimate","admin1",0.001,11224.5875768923,12012.0127937452,18468.586533467,0,0,0,3367.37627306769,3603.60383812356,5540.5759600401
"MWI","global-estimate","admin2",1e-04,8964.77637514147,9585.91079885684,12605.2804401723,0,0,0,2689.43291254244,2875.77323965705,3781.58413205169
"MWI","global-estimate","admin2",2e-04,8090.39737873754,10560.7557776865,14512.9459323543,0,0,0,2427.11921362126,3168.22673330595,4353.88377970629
"MWI","global-estimate","admin2",0.001,11434.2295771513,11975.7051327015,17687.1087275499,0,0,0,3430.26887314539,3592.71153981045,5306.13261826497
"MWI","no-estimate","admin1",1e-04,8866.96685542862,9580.65430691912,12553.0479273276,0,0,0,0,0,0
"MWI","no-estimate","admin1",2e-04,10377.7310718446,11114.3148905611,13832.3848401142,0,0,0,0,0,0
"MWI","no-estimate","admin1",0.001,11297.4649863972,12066.6906374589,18565.5368185934,0,0,0,0,0,0
"MWI","no-estimate","admin2",1e-04,7586.31215950121,8141.8406384205,11025.4755794211,0,0,0,0,0,0
"MWI","no-estimate","admin2",2e-04,8691.72628438743,9248.81842848323,12385.0305512955,0,0,0,0,0,0
"MWI","no-estimate","admin2",0.001,10874.8341271866,11642.808271495,15909.2714335782,0,0,0,0,0,0
"NAM","district-estimate","admin1",1e-04,1398.10034161238,3437.89266885294,9413.34778592318,1034.59425279316,2544.04057495118,6965.87736158315,278.098935150802,683.838106546876,1872.42783479355
"NAM","district-estimate","admin1",2e-04,1897.46635138375,4177.5379228405,9945.49471443355,1404.12510002397,3091.37806290197,7359.66608868083,377.428826886444,830.96242330805,1978.27824463741
"NAM","district-estimate","admin1",0.001,2077.05680076438,5832.47174511472,12592.3469948182,1537.02203256564,4316.02909138489,9318.33677616547,413.151522353644,1160.14861976426,2504.76892543328
"NAM","district-estimate","admin2",1e-04,1481.05925912661,3175.32586714123,8181.58110298513,1095.98385175369,2349.74114168451,6054.370016209,294.600459351392,631.610418884796,1627.41466035698
"NAM","district-estimate","admin2",2e-04,1980.17928731086,3706.58899298823,8874.94944614985,1465.33267261004,2742.87585481129,6567.46259015089,393.881422397578,737.285029773275,1765.33394423256
"NAM","district-estimate","admin2",0.001,2576.88105393732,4930.65047459425,10127.1761867648,1906.89197991362,3648.68135119975,7494.11037820595,512.57256420078,980.765547202492,2014.41686966176
"NAM","global-estimate","admin1",1e-04,1661.04711843076,3520.49229405213,9131.09608165341,0,0,0,498.314135529228,1056.14768821564,2739.32882449602
"NAM","global-estimate","admin1",2e-04,1463.52721333377,4934.1298623771,22559.0859382667,0,0,0,439.058164000131,1480.23895871313,6767.72578148001
"NAM","global-estimate","admin1",0.001,2077.05680076438,6058.13534257734,12804.5945146834,0,0,0,623.117040229314,1817.4406027732,3841.37835440502
"NAM","global-estimate","admin2",1e-04,1614.83779774023,3342.19904799621,8371.28596026083,0,0,0,484.451339322069,1002.65971439886,2511.38578807825
"NAM","global-estimate","admin2",2e-04,1705.79976948645,3740.14129581577,13143.628940174,0,0,0,511.739930845935,1122.04238874473,3943.0886820522
"NAM","global-estimate","admin2",0.001,2576.88105393732,5004.15834086869,10127.1761867649,0,0,0,773.064316181196,1501.24750226061,3038.15285602947
"NAM","no-estimate","admin1",1e-04,1105.3010803729,2927.70235147856,8429.40427193238,0,0,0,0,0,0
"NAM","no-estimate","admin1",2e-04,1405.4155901232,3391.17193138308,8733.74475163017,0,0,0,0,0,0
"NAM","no-estimate","admin1",0.001,2077.00886979831,5129.16532251594,11072.6421226966,0,0,0,0,0,0
"NAM","no-estimate","admin2",1e-04,1280.30890080005,2948.88689579166,7997.53359351892,0,0,0,0,0,0
"NAM","no-estimate","admin2",2e-04,1410.92483073961,3104.20932873988,8101.01612726364,0,0,0,0,0,0
"NAM","no-estimate","admin2",0.001,2576.8808173173,4545.80165047457,10018.250853799,0,0,0,0,0,0
"NER","district-estimate","admin1",1e-04,21719.3683765824,24745.2188918772,29803.4842563062,16072.332598671,18311.4619799891,22054.5783496666,4320.24300252276,4922.12098022108,5928.27066039038
"NER","district-estimate","admin1",2e-04,26722.5737693582,29670.8485235327,34936.5291964946,19774.7045893251,21956.4279074142,25853.031605406,5315.44059361058,5901.88782151294,6949.29489553313
"NER","district-estimate","admin1",0.001,27141.659687111,29712.1912270699,34936.5291964946,20084.8281684621,21987.0215080317,25853.031605406,5398.80181168262,5910.11138135893,6949.29489553313
"NER","district-estimate","admin2",1e-04,19116.9208988703,22012.0268596304,24567.0968806441,14146.521465164,16288.8998761265,18179.6516916766,3802.58496983609,4378.4562867028,4886.69037472268
"NER","district-estimate","admin2",2e-04,21621.8284679415,24578.0103944997,28003.839476237,16000.1530662767,18187.7276919298,20722.8412124154,4300.84114421518,4888.86120359072,5570.29971789725
"NER","district-estimate","admin2",0.001,27071.2561939922,29597.197413897,33661.6048883082,20032.7295835542,21901.9260862838,24909.5876173481,5384.79771205938,5887.23773199308,6695.69715154316
"NER","global-estimate","admin1",1e-04,21609.4854018421,26280.4578803323,30528.1780718627,0,0,0,6482.84562055263,7884.13736409969,9158.45342155881
"NER","global-estimate","admin1",2e-04,26257.5762961234,30138.0504202895,36871.7283123199,0,0,0,7877.27288883702,9041.41512608685,11061.518493696
"NER","global-estimate","admin1",0.001,27141.6596871111,29712.1912270699,34936.5291964946,0,0,0,8142.49790613333,8913.65736812097,10480.9587589484
"NER","global-estimate","admin2",1e-04,20905.8881815328,22849.3399776357,25311.9967904632,0,0,0,6271.76645445984,6854.80199329071,7593.59903713896
"NER","global-estimate","admin2",2e-04,16987.6226341933,25568.263656224,38157.1013659465,0,0,0,5096.28679025799,7670.4790968672,11447.130409784
"NER","global-estimate","admin2",0.001,27432.5527667433,29671.0072833494,34213.8621782715,0,0,0,8229.76583002299,8901.30218500482,10264.1586534814
"NER","no-estimate","admin1",1e-04,18155.8044344575,20387.4670295977,23182.5573753974,0,0,0,0,0,0
"NER","no-estimate","admin1",2e-04,21559.7592040616,24501.8924632546,27577.4295490079,0,0,0,0,0,0
"NER","no-estimate","admin1",0.001,27086.4206360264,29645.3885550868,34846.8132812374,0,0,0,0,0,0
"NER","no-estimate","admin2",1e-04,17950.8628059803,19482.5383053988,21259.6350329171,0,0,0,0,0,0
"NER","no-estimate","admin2",2e-04,20453.2023164098,22210.2508961022,24210.6098703423,0,0,0,0,0,0
"NER","no-estimate","admin2",0.001,24907.2638254596,27180.7569454668,30982.7970112203,0,0,0,0,0,0
"NGA","district-estimate","admin1",1e-04,247105.479499309,286111.54459436,314372.357620726,182858.054829489,211722.542999826,232635.544639337,49152.2451381666,56911.0195583533,62532.4343990538
"NGA","district-estimate","admin1",2e-04,274534.419631361,311261.221689951,344387.191121377,203155.470527207,230333.304050564,254846.521429819,54608.1904777133,61913.5921287915,68502.7449603353
"NGA","district-estimate","admin1",0.001,309028.730943864,375862.277144671,425988.301977215,228681.260898459,278138.085087057,315231.343463139,61469.5229295059,74763.5172714008,84734.1851228918
"NGA","district-estimate","admin2",1e-04,196674.272227641,225398.904428748,248619.750106276,145538.961448454,166795.189277274,183978.615078644,39120.8728373445,44834.5468777311,49453.4517331396
"NGA","district-estimate","admin2",2e-04,213809.774785135,243099.75831248,269567.877181778,158219.233341,179893.821151235,199480.229114516,42529.3299220608,48355.459125452,53620.2855859818
"NGA","district-estimate","admin2",0.001,265402.306205599,303456.323164774,327456.779226706,196397.706592143,224557.679141933,242318.016627762,52791.7035319681,60361.1041533515,65135.0828695425
"NGA","global-estimate","admin1",1e-04,255164.797703794,297734.028869255,326420.927676703,0,0,0,76549.4393111382,89320.2086607765,97926.2783030109
"NGA","global-estimate","admin1",2e-04,275397.347244623,328058.979562683,376733.272408821,0,0,0,82619.2041733869,98417.6938688049,113019.981722646
"NGA","global-estimate","admin1",0.001,309028.730943864,375862.277144671,425988.301977215,0,0,0,92708.6192831592,112758.683143401,127796.490593164
"NGA","global-estimate","admin2",1e-04,201104.792139089,229424.693364078,252821.828117142,0,0,0,60331.4376417267,68827.4080092234,75846.5484351426
"NGA","global-estimate","admin2",2e-04,195475.389571507,254336.627745337,324964.03573841,0,0,0,58642.6168714521,76300.9883236011,97489.210721523
"NGA","global-estimate","admin2",0.001,271521.918134301,310534.348441377,333687.076335428,0,0,0,81456.5754402903,93160.3045324131,100106.122900628
"NGA","no-estimate","admin1",1e-04,204356.371792691,237474.307332364,263055.29039182,0,0,0,0,0,0
"NGA","no-estimate","admin1",2e-04,250390.557043233,287514.983909911,317833.844730475,0,0,0,0,0,0
"NGA","no-estimate","admin1",0.001,308998.700255247,345709.4879742,394010.564414238,0,0,0,0,0,0
"NGA","no-estimate","admin2",1e-04,184515.464175929,214312.003191807,233703.644315385,0,0,0,0,0,0
"NGA","no-estimate","admin2",2e-04,196387.443876434,225346.549249165,248477.337731944,0,0,0,0,0,0
"NGA","no-estimate","admin2",0.001,248656.647011167,279074.533019006,304667.926207975,0,0,0,0,0,0
"RWA","district-estimate","admin1",1e-04,2682.54690936747,3183.11392730509,3745.36507881703,1985.08471293193,2355.50430620577,2771.5701583246,533.590770836102,633.15955750811,744.998058557653
"RWA","district-estimate","admin1",2e-04,2682.54690936747,3183.11392730509,3745.36507881703,1985.08471293193,2355.50430620577,2771.5701583246,533.590770836102,633.15955750811,744.998058557653
"RWA","district-estimate","admin1",0.001,2682.54690936747,3183.11392730509,3745.36507881703,1985.08471293193,2355.50430620577,2771.5701583246,533.590770836102,633.15955750811,744.998058557653
"RWA","district-estimate","admin2",1e-04,2301.57226017076,2660.13920735239,3109.75295484336,1703.16347252636,1968.50301344077,2301.21718658409,457.810341415086,529.133610012879,618.567179753803
"RWA","district-estimate","admin2",2e-04,2854.31466560377,2993.39730343934,3181.94147539527,2112.19285254679,2215.11400454511,2354.6366917925,567.757438764577,595.422644421726,632.926342753824
"RWA","district-estimate","admin2",0.001,2854.31466560377,2993.39730343934,3181.94147539527,2112.19285254679,2215.11400454511,2354.6366917925,567.757438764577,595.422644421726,632.926342753824
"RWA","global-estimate","admin1",1e-04,2700.74939890607,3171.16940040915,3677.07438612429,0,0,0,810.224819671821,951.350820122745,1103.12231583729
"RWA","global-estimate","admin1",2e-04,2283.96016709717,3173.18444960568,4267.32631046184,0,0,0,685.188050129151,951.955334881704,1280.19789313855
"RWA","global-estimate","admin1",0.001,2682.54690936747,3183.11392730509,3745.36507881703,0,0,0,804.764072810241,954.934178191527,1123.60952364511
"RWA","global-estimate","admin2",1e-04,2462.13132181162,2958.76155374389,3188.35759955325,0,0,0,738.639396543486,887.628466123167,956.507279865975
"RWA","global-estimate","admin2",2e-04,933.375037341972,3075.62291983618,5718.93661187173,0,0,0,280.012511202592,922.686875950854,1715.68098356152
"RWA","global-estimate","admin2",0.001,2854.31466560377,2993.39730343934,3181.94147539527,0,0,0,856.294399681131,898.019191031802,954.582442618581
"RWA","no-estimate","admin1",1e-04,2700.74939890607,3171.16940040915,3677.07438612429,0,0,0,0,0,0
"RWA","no-estimate","admin1",2e-04,2700.74939890607,3171.16940040915,3677.07438612429,0,0,0,0,0,0
"RWA","no-estimate","admin1",0.001,2700.74939890607,3171.16940040915,3677.07438612429,0,0,0,0,0,0
"RWA","no-estimate","admin2",1e-04,2014.64694914217,2130.33011589326,2306.19711534736,0,0,0,0,0,0
"RWA","no-estimate","admin2",2e-04,2606.51600235875,2740.47165426136,2930.17018409925,0,0,0,0,0,0
"RWA","no-estimate","admin2",0.001,2861.41936528389,3000.72721008995,3189.07165982613,0,0,0,0,0,0
"SEN","district-estimate","admin1",1e-04,119.838405439313,185.843039068418,256.261579253475,88.6804200250916,137.523848910629,189.633568647572,23.8372969027446,36.9664105871772,50.9735032524672
"SEN","district-estimate","admin1",2e-04,119.838405439313,185.843039068418,256.261579253475,88.6804200250916,137.523848910629,189.633568647572,23.8372969027446,36.9664105871772,50.9735032524672
"SEN","district-estimate","admin1",0.001,119.838405439313,185.843039068418,256.261579253475,88.6804200250916,137.523848910629,189.633568647572,23.8372969027446,36.9664105871772,50.9735032524672
"SEN","district-estimate","admin2",1e-04,118.029792301274,182.613214158391,251.695614612015,87.3420463029428,135.133778477209,186.254754812891,23.477542046231,36.3239596546739,50.0652780937051
"SEN","district-estimate","admin2",2e-04,118.029792301274,182.613214158391,251.695614612015,87.3420463029428,135.133778477209,186.254754812891,23.477542046231,36.3239596546739,50.0652780937051
"SEN","district-estimate","admin2",0.001,118.029792301274,182.613214158391,251.695614612015,87.3420463029428,135.133778477209,186.254754812891,23.477542046231,36.3239596546739,50.0652780937051
"SEN","global-estimate","admin1",1e-04,120.512567611155,185.952532141794,256.870282096993,0,0,0,36.1537702833465,55.7857596425382,77.0610846290979
"SEN","global-estimate","admin1",2e-04,117.884691104499,187.93455715949,263.521338344151,0,0,0,35.3654073313497,56.380367147847,79.0564015032453
"SEN","global-estimate","admin1",0.001,119.838405439313,185.843039068418,256.261579253476,0,0,0,35.9515216317939,55.7529117205254,76.8784737760428
"SEN","global-estimate","admin2",1e-04,117.975005234415,182.556579744907,251.646324809556,0,0,0,35.3925015703245,54.7669739234721,75.4938974428668
"SEN","global-estimate","admin2",2e-04,102.488404296848,184.65617304963,320.561241277521,0,0,0,30.7465212890544,55.396851914889,96.1683723832563
"SEN","global-estimate","admin2",0.001,118.029792301274,182.613214158391,251.695614612015,0,0,0,35.4089376903822,54.7839642475173,75.5086843836045
"SEN","no-estimate","admin1",1e-04,120.512567611155,185.952532141794,256.870282096993,0,0,0,0,0,0
"SEN","no-estimate","admin1",2e-04,120.512567611155,185.952532141794,256.870282096993,0,0,0,0,0,0
"SEN","no-estimate","admin1",0.001,120.512567611155,185.952532141794,256.870282096993,0,0,0,0,0,0
"SEN","no-estimate","admin2",1e-04,117.975005234415,182.556579744907,251.646324809556,0,0,0,0,0,0
"SEN","no-estimate","admin2",2e-04,117.975005234415,182.556579744907,251.646324809556,0,0,0,0,0,0
"SEN","no-estimate","admin2",0.001,117.975005234415,182.556579744907,251.646324809556,0,0,0,0,0,0
"SLE","district-estimate","admin1",1e-04,77244.3900075839,94945.7142390234,154297.959167727,57160.8486056121,70259.8285368773,114180.489784118,15364.8361051885,18885.8419107126,30691.7156539709
"SLE","district-estimate","admin1",2e-04,82854.2350385803,100310.934520264,162153.728869313,61312.1339285494,74230.0915449954,119993.759363292,16480.7015999941,19953.0486072948,32254.3225168528
"SLE","district-estimate","admin1",0.001,126862.458298733,148953.104363931,203632.636883517,93878.2191410624,110225.297229309,150688.151293803,25234.4653051176,29628.5598952382,40504.9750677741
"SLE","district-estimate","admin2",1e-04,83272.626461546,89659.4418387816,140786.250561284,61621.743581544,66347.9869606984,104181.82541535,16563.924674719,17834.3388950357,28004.0746716461
"SLE","district-estimate","admin2",2e-04,87815.828213034,95712.5394565115,145476.904846043,64983.7128776452,70827.2791978185,107652.909586072,17467.622021511,19038.3726483736,28937.1020967361
"SLE","district-estimate","admin2",0.001,122639.927451565,141105.459482695,190219.806464447,90753.5463141581,104418.040017194,140762.656783691,24394.5532492457,28067.5691566218,37837.0021434561
"SLE","global-estimate","admin1",1e-04,76847.6437458385,92801.7674346798,150020.504268532,0,0,0,23054.2931237516,27840.5302304039,45006.1512805596
"SLE","global-estimate","admin1",2e-04,83855.8978894563,107378.246097287,204748.4899621,0,0,0,25156.7693668369,32213.4738291861,61424.54698863
"SLE","global-estimate","admin1",0.001,134218.477141466,153237.176032165,203618.128523578,0,0,0,40265.5431424398,45971.1528096495,61085.4385570734
"SLE","global-estimate","admin2",1e-04,83564.0177866228,90244.4931526282,139621.913913576,0,0,0,25069.2053359868,27073.3479457885,41886.5741740728
"SLE","global-estimate","admin2",2e-04,60912.2847504931,105774.200050307,230843.439110822,0,0,0,18273.6854251479,31732.2600150921,69253.0317332466
"SLE","global-estimate","admin2",0.001,136661.562956894,148549.219845675,193916.439251357,0,0,0,40998.4688870682,44564.7659537025,58174.9317754071
"SLE","no-estimate","admin1",1e-04,74901.8547131966,91281.3628360383,148208.295427206,0,0,0,0,0,0
"SLE","no-estimate","admin1",2e-04,76394.4661911434,92367.0952407039,149827.017340073,0,0,0,0,0,0
"SLE","no-estimate","admin1",0.001,103955.098301092,119552.606859751,178711.722039504,0,0,0,0,0,0
"SLE","no-estimate","admin2",1e-04,80907.3773695897,87384.3062880572,137532.438351113,0,0,0,0,0,0
"SLE","no-estimate","admin2",2e-04,83168.4495823911,88556.5661853684,139190.820878407,0,0,0,0,0,0
"SLE","no-estimate","admin2",0.001,107626.174500418,115381.500937534,159172.152235836,0,0,0,0,0,0
"SOM","district-estimate","admin1",1e-04,145461.515754264,170029.17759096,223231.335156987,107641.521658155,125821.59141731,165191.18801617,28934.0410217122,33820.843772973,44403.3913387466
"SOM","district-estimate","admin1",2e-04,156050.940042418,179547.423711311,231027.915923174,115477.695631389,132865.09354637,170960.657783149,31040.4045857174,35714.1371452643,45954.2248121104
"SOM","district-estimate","admin1",0.001,239399.999485418,273569.426813382,329608.93812096,177155.999619209,202441.375841903,243910.61420951,47619.5326976435,54416.2418263034,65563.1730995164
"SOM","district-estimate","admin2",1e-04,145987.522604174,169424.595109168,220185.946918064,108030.766727089,125374.200380784,162937.600719367,29038.6700962415,33700.5850623548,43797.6270733659
"SOM","district-estimate","admin2",2e-04,153284.185128372,175595.093961402,224955.409254979,113430.296994995,129940.369531437,166467.002848684,30490.0638322547,34927.9713300504,44746.3303657264
"SOM","district-estimate","admin2",0.001,210693.117620084,241740.348680669,304645.735462743,155912.907038862,178887.858023695,225437.84424243,41909.3894120461,48085.0562367692,60597.6925323651
"SOM","global-estimate","admin1",1e-04,146274.092567142,171177.213272538,224267.70182964,0,0,0,43882.2277701426,51353.1639817614,67280.310548892
"SOM","global-estimate","admin1",2e-04,166724.629618695,192929.373640014,250694.469865829,0,0,0,50017.3888856085,57878.8120920042,75208.3409597487
"SOM","global-estimate","admin1",0.001,249987.257143024,283452.223748676,355668.585027875,0,0,0,74996.1771429072,85035.6671246028,106700.575508362
"SOM","global-estimate","admin2",1e-04,146492.341739894,169778.204256739,219912.993667426,0,0,0,43947.7025219682,50933.4612770217,65973.8981002278
"SOM","global-estimate","admin2",2e-04,135472.704119214,181570.463932232,297144.432769395,0,0,0,40641.8112357642,54471.1391796696,89143.3298308185
"SOM","global-estimate","admin2",0.001,223582.057972318,250664.813892571,320340.351108363,0,0,0,67074.6173916954,75199.4441677713,96102.1053325089
"SOM","no-estimate","admin1",1e-04,144570.991302825,168362.147560206,220892.581355119,0,0,0,0,0,0
"SOM","no-estimate","admin1",2e-04,145286.540205996,169763.253254837,223792.851703141,0,0,0,0,0,0
"SOM","no-estimate","admin1",0.001,199324.807016823,220863.531276566,267741.454899903,0,0,0,0,0,0
"SOM","no-estimate","admin2",1e-04,144247.832606959,166475.647443956,217778.062783979,0,0,0,0,0,0
"SOM","no-estimate","admin2",2e-04,145767.642505255,169214.822492534,219511.373854071,0,0,0,0,0,0
"SOM","no-estimate","admin2",0.001,178277.973645694,197576.437412615,248451.137276059,0,0,0,0,0,0
"SSD","district-estimate","admin1",1e-04,56966.6448672536,110008.26064678,139997.637835302,42155.3172017677,81406.1128786172,103598.251998123,11331.3492638351,21881.9631417723,27847.2101370956
"SSD","district-estimate","admin1",2e-04,59639.6269923202,113136.050844659,142727.570316585,44133.3239743169,83720.6776250477,105618.402034273,11863.0374842964,22504.1181456128,28390.2264668126
"SSD","district-estimate","admin1",0.001,102812.305521403,158806.825097867,223435.502359222,76081.1060858382,117517.050572422,165342.271745824,20450.6013158733,31588.5831938669,44444.0026452776
"SSD","district-estimate","admin2",1e-04,55450.8812499949,109570.442342993,138573.12811424,41033.6521249962,81082.1273338148,102544.114804538,11029.845691199,21794.8758273294,27563.8580594597
"SSD","district-estimate","admin2",2e-04,57712.6653233085,111469.662748188,142769.195813903,42707.3723392483,82487.5504336591,105649.204902288,11479.7416847899,22172.6535565676,28398.5062777351
"SSD","district-estimate","admin2",0.001,68185.269691583,121118.045892029,150713.453485761,50457.0995717714,89627.3539601015,111527.955579463,13562.8683648922,24091.8327444753,29978.7144597597
"SSD","global-estimate","admin1",1e-04,58199.4489497353,110747.356517346,141055.611859705,0,0,0,17459.8346849206,33224.2069552038,42316.6835579115
"SSD","global-estimate","admin1",2e-04,60965.7198134843,114967.155824585,144567.847903519,0,0,0,18289.7159440453,34490.1467473755,43370.3543710557
"SSD","global-estimate","admin1",0.001,104010.529381608,163277.541657907,259452.072180117,0,0,0,31203.1588144824,48983.2624973721,77835.6216540351
"SSD","global-estimate","admin2",1e-04,55706.4819072218,109848.059643029,139621.199838178,0,0,0,16711.9445721665,32954.4178929087,41886.3599514534
"SSD","global-estimate","admin2",2e-04,36571.7588433917,84241.2965261058,232780.640559149,0,0,0,10971.5276530175,25272.3889578317,69834.1921677447
"SSD","global-estimate","admin2",0.001,79437.8288777902,121324.202424829,155100.776397896,0,0,0,23831.3486633371,36397.2607274487,46530.2329193688
"SSD","no-estimate","admin1",1e-04,54026.3969064974,108069.583337713,136159.002531493,0,0,0,0,0,0
"SSD","no-estimate","admin1",2e-04,57992.5467621962,110426.613805924,140871.324231621,0,0,0,0,0,0
"SSD","no-estimate","admin1",0.001,77087.7103644596,122556.258484375,144157.909107026,0,0,0,0,0,0
"SSD","no-estimate","admin2",1e-04,52811.0673885967,108513.38561976,134753.902718592,0,0,0,0,0,0
"SSD","no-estimate","admin2",2e-04,55358.2495588931,109739.560318189,138302.05216539,0,0,0,0,0,0
"SSD","no-estimate","admin2",0.001,62928.6536537915,115872.034854379,149869.947599791,0,0,0,0,0,0
"TCD","district-estimate","admin1",1e-04,107160.421083486,119671.190309548,137371.447690799,79298.7116017796,88556.6808290655,101654.871291191,21315.4936785584,23804.0358068528,27324.8294030722
"TCD","district-estimate","admin1",2e-04,115385.371236578,128090.052090558,145461.177870399,85385.1747150677,94786.6385470129,107641.271624095,22951.5349634102,25478.6484414371,28933.9738125568
"TCD","district-estimate","admin1",0.001,139656.802473452,162971.993254753,204823.459047168,103346.033830354,120599.275008517,151569.359694904,27779.4138935993,32417.0851222894,40741.8438859903
"TCD","district-estimate","admin2",1e-04,106981.390793859,118686.659061112,136066.622081033,79166.2291874557,87828.1277052229,100689.300339964,21279.8824055881,23608.2007271639,27065.2839313824
"TCD","district-estimate","admin2",2e-04,113983.166795029,125926.881363185,141605.764346136,84347.5434283215,93185.8922087569,104788.265616141,22672.6196735328,25048.3678257139,28167.0857976186
"TCD","district-estimate","admin2",0.001,137173.43389816,153853.230397373,178679.923678638,101508.341084638,113851.390494056,132223.143522192,27285.4420835508,30603.2537648023,35541.5809787652
"TCD","global-estimate","admin1",1e-04,108058.656469593,121383.438845373,140771.690281256,0,0,0,32417.5969408779,36415.0316536119,42231.5070843768
"TCD","global-estimate","admin1",2e-04,113628.509009555,132753.995045381,157993.287532279,0,0,0,34088.5527028665,39826.1985136143,47397.9862596837
"TCD","global-estimate","admin1",0.001,140118.6719587,167267.042829661,202686.645847003,0,0,0,42035.60158761,50180.1128488983,60805.9937541009
"TCD","global-estimate","admin2",1e-04,107694.549892486,120295.321177132,137589.935464023,0,0,0,32308.3649677458,36088.5963531396,41276.9806392069
"TCD","global-estimate","admin2",2e-04,68975.9044616357,128099.763346679,244002.155698494,0,0,0,20692.7713384907,38429.9290040037,73200.6467095482
"TCD","global-estimate","admin2",0.001,139377.956690433,156433.001438633,184722.596824787,0,0,0,41813.3870071299,46929.9004315899,55416.7790474361
"TCD","no-estimate","admin1",1e-04,103927.570022267,116246.346863928,134339.092541088,0,0,0,0,0,0
"TCD","no-estimate","admin1",2e-04,105775.781282419,120456.218055459,137794.660756427,0,0,0,0,0,0
"TCD","no-estimate","admin1",0.001,132094.469710537,147794.929654984,166536.056477748,0,0,0,0,0,0
"TCD","no-estimate","admin2",1e-04,102531.671829174,114730.479515788,132400.833606194,0,0,0,0,0,0
"TCD","no-estimate","admin2",2e-04,107081.340008262,119002.531948813,134907.872339965,0,0,0,0,0,0
"TCD","no-estimate","admin2",0.001,124403.650337861,141872.939925362,156830.06306964,0,0,0,0,0,0
"TGO","district-estimate","admin1",1e-04,1331.15826018474,1766.68122572377,2922.81195316499,985.057112536708,1307.34410703559,2162.88084534209,264.783351849867,351.414095971167,581.382371227954
"TGO","district-estimate","admin1",2e-04,1331.15826018474,1766.68122572377,2922.81195316499,985.057112536708,1307.34410703559,2162.88084534209,264.783351849867,351.414095971167,581.382371227954
"TGO","district-estimate","admin1",0.001,1331.15826018474,1766.68122572377,2922.81195316499,985.057112536708,1307.34410703559,2162.88084534209,264.783351849867,351.414095971167,581.382371227954
"TGO","district-estimate","admin2",1e-04,1366.10973515736,1750.86463668153,2772.51966488449,1010.92120401645,1295.63983114433,2051.66455201452,271.735619639621,348.267986611596,551.487431581504
"TGO","district-estimate","admin2",2e-04,1366.10973515736,1750.86463668153,2807.60144707547,1010.92120401645,1295.63983114433,2077.62507083585,271.735619639621,348.267986611596,558.465619040676
"TGO","district-estimate","admin2",0.001,1366.10973515736,1750.86463668153,2807.60144707547,1010.92120401645,1295.63983114433,2077.62507083585,271.735619639621,348.267986611596,558.465619040676
"TGO","global-estimate","admin1",1e-04,1332.30950153466,1766.81961040155,2924.59789354313,0,0,0,399.692850460398,530.045883120465,877.379368062939
"TGO","global-estimate","admin1",2e-04,1295.884931584,1839.72534504937,3001.53960662887,0,0,0,388.7654794752,551.917603514811,900.461881988661
"TGO","global-estimate","admin1",0.001,1331.15826018475,1766.68122572377,2922.81195316499,0,0,0,399.347478055425,530.004367717131,876.843585949497
"TGO","global-estimate","admin2",1e-04,1365.9109279553,1750.72072611113,2803.17999962462,0,0,0,409.77327838659,525.216217833339,840.953999887386
"TGO","global-estimate","admin2",2e-04,935.072663012353,1823.66284168681,3399.18666866517,0,0,0,280.521798903706,547.098852506043,1019.75600059955
"TGO","global-estimate","admin2",0.001,1366.10973515736,1750.86463668153,2807.60144707547,0,0,0,409.832920547208,525.259391004459,842.280434122641
"TGO","no-estimate","admin1",1e-04,1332.30950153466,1766.81961040155,2924.59789354313,0,0,0,0,0,0
"TGO","no-estimate","admin1",2e-04,1332.30950153466,1766.81961040155,2924.59789354313,0,0,0,0,0,0
"TGO","no-estimate","admin1",0.001,1332.30950153466,1766.81961040155,2924.59789354313,0,0,0,0,0,0
"TGO","no-estimate","admin2",1e-04,1365.9109279553,1731.62512878891,2449.68542793738,0,0,0,0,0,0
"TGO","no-estimate","admin2",2e-04,1365.9109279553,1750.72072611113,2803.17999962462,0,0,0,0,0,0
"TGO","no-estimate","admin2",0.001,1365.9109279553,1750.72072611113,2807.40552593269,0,0,0,0,0,0
"TZA","district-estimate","admin1",1e-04,130189.755015065,140516.117367974,150943.670120582,96340.4187111481,103981.926852301,111698.315889231,25896.3045495566,27950.3419378984,30024.5073110252
"TZA","district-estimate","admin1",2e-04,158795.434443669,173124.372356951,187957.055230808,117508.621488315,128112.035544144,139088.220870798,31586.3174560591,34436.5151542658,37386.9137700705
"TZA","district-estimate","admin1",0.001,169374.360693066,182838.929475183,197569.131510073,125337.026912869,135300.807811635,146201.157317454,33690.5928341791,36368.8571397676,39298.8710869316
"TZA","district-estimate","admin2",1e-04,115766.735860524,123073.643243777,131587.319699892,85667.3845367878,91074.496000395,97374.6165779201,23027.3929634886,24480.8245249062,26174.2969361449
"TZA","district-estimate","admin2",2e-04,135525.14118286,145909.570674881,157912.130916951,100288.604475316,107973.082299412,116854.976878544,26957.5768829651,29023.1645220819,31410.6177849526
"TZA","district-estimate","admin2",0.001,167206.486808891,175755.876614175,185071.42520665,123732.800238579,130059.34869449,136952.854652921,33259.3767041301,34959.9529290788,36812.9273307052
"TZA","global-estimate","admin1",1e-04,140265.013113301,148353.564942498,158417.527658788,0,0,0,42079.5039339903,44506.0694827494,47525.2582976364
"TZA","global-estimate","admin1",2e-04,167866.991943261,185298.856025927,204631.066824564,0,0,0,50360.0975829783,55589.6568077781,61389.3200473692
"TZA","global-estimate","admin1",0.001,169374.360693066,182838.929475183,197569.131510073,0,0,0,50812.3082079198,54851.6788425549,59270.7394530219
"TZA","global-estimate","admin2",1e-04,120028.975507161,129185.091965544,139089.232737043,0,0,0,36008.6926521483,38755.5275896632,41726.7698211129
"TZA","global-estimate","admin2",2e-04,124516.482217178,149328.668704982,188368.337646272,0,0,0,37354.9446651534,44798.6006114946,56510.5012938816
"TZA","global-estimate","admin2",0.001,167805.799377852,176376.635572063,185370.712107404,0,0,0,50341.7398133556,52912.9906716189,55611.2136322212
"TZA","no-estimate","admin1",1e-04,103806.721405086,110995.773029888,118474.905435658,0,0,0,0,0,0
"TZA","no-estimate","admin1",2e-04,132818.693946057,140137.080023281,148968.242390507,0,0,0,0,0,0
"TZA","no-estimate","admin1",0.001,169672.347902403,183114.048382153,197886.624506775,0,0,0,0,0,0
"TZA","no-estimate","admin2",1e-04,100631.867513852,106927.722543337,112646.108600946,0,0,0,0,0,0
"TZA","no-estimate","admin2",2e-04,115030.003378575,122441.501699814,128782.269907298,0,0,0,0,0,0
"TZA","no-estimate","admin2",0.001,159441.551487596,169923.376316001,179509.454200298,0,0,0,0,0,0
"UGA","district-estimate","admin1",1e-04,19490.6650770313,21283.3953875454,22732.7939710966,14423.0921570032,15749.7125867836,16822.2675386115,3876.92717180245,4233.52274332743,4521.82551437877
"UGA","district-estimate","admin1",2e-04,21728.1136899744,23016.0470182952,24741.1927310171,16078.8041305811,17031.8747935384,18308.4826209527,4321.98255030019,4578.16794450314,4921.32012851207
"UGA","district-estimate","admin1",0.001,23876.7986462884,25973.9418796134,27504.0394942556,17668.8309982534,19220.7169909139,20352.9892257491,4749.38177233052,5166.52872715766,5470.88350388137
"UGA","district-estimate","admin2",1e-04,18625.692850186,19764.7514206793,21026.3566156591,13783.0127091376,14625.9160513027,15559.5038955877,3704.8738162162,3931.44623459016,4182.39464713398
"UGA","district-estimate","admin2",2e-04,20608.952773808,22013.6228691071,23395.3637810461,15250.6250526179,16290.0809231393,17312.5691979741,4099.3680141437,4378.77375213983,4653.61860041544
"UGA","district-estimate","admin2",0.001,23166.1854705547,24617.797550249,26389.1879208575,17142.9772482105,18217.1701871843,19527.9990614346,4608.03228431898,4896.77534631513,5249.12614771361
"UGA","global-estimate","admin1",1e-04,19740.0356807741,21457.369413699,22849.7306490532,0,0,0,5922.01070423223,6437.2108241097,6854.91919471596
"UGA","global-estimate","admin1",2e-04,22056.9524082687,23506.9964292782,25634.7414841465,0,0,0,6617.08572248061,7052.09892878346,7690.42244524395
"UGA","global-estimate","admin1",0.001,23876.7986462884,25978.9998404775,27504.0394942556,0,0,0,7163.03959388652,7793.69995214325,8251.21184827668
"UGA","global-estimate","admin2",1e-04,18929.9960257577,19788.7080518635,20796.5841959384,0,0,0,5678.99880772731,5936.61241555905,6238.97525878152
"UGA","global-estimate","admin2",2e-04,17541.6815032535,21962.4174917031,28155.5457257418,0,0,0,5262.50445097605,6588.72524751093,8446.66371772254
"UGA","global-estimate","admin2",0.001,23328.3857686979,24687.8833543799,26582.2204546486,0,0,0,6998.51573060937,7406.36500631397,7974.66613639458
"UGA","no-estimate","admin1",1e-04,17735.6534921064,18882.9889002739,19690.8101259902,0,0,0,0,0,0
"UGA","no-estimate","admin1",2e-04,19721.6058184886,21371.7130398258,22569.0003049621,0,0,0,0,0,0
"UGA","no-estimate","admin1",0.001,23554.6813174997,24900.6160760086,26367.7854476509,0,0,0,0,0,0
"UGA","no-estimate","admin2",1e-04,16732.7645285011,17615.5954792868,18455.1537017766,0,0,0,0,0,0
"UGA","no-estimate","admin2",2e-04,18813.8012129106,19724.6952821678,20546.9732510805,0,0,0,0,0,0
"UGA","no-estimate","admin2",0.001,22040.0203060656,23334.8471550625,24947.0107416069,0,0,0,0,0,0
"ZAF","district-estimate","admin1",1e-04,564.271771003543,833.039090889503,1327.07756843408,417.561110542622,616.448927258232,982.037400641219,112.240426513857,165.701471647013,263.97165329236
"ZAF","district-estimate","admin1",2e-04,564.271771003543,833.039090889503,1327.07756843408,417.561110542622,616.448927258232,982.037400641219,112.240426513857,165.701471647013,263.97165329236
"ZAF","district-estimate","admin1",0.001,564.271771003543,833.039090889503,1327.07756843408,417.561110542622,616.448927258232,982.037400641219,112.240426513857,165.701471647013,263.97165329236
"ZAF","district-estimate","admin2",1e-04,568.959776092397,820.458584985366,1288.47949859992,421.030234308374,607.139352889171,953.474828963941,113.172926982091,163.199058056609,256.294034025507
"ZAF","district-estimate","admin2",2e-04,568.959776092397,820.458584985366,1288.47949859992,421.030234308374,607.139352889171,953.474828963941,113.172926982091,163.199058056609,256.294034025507
"ZAF","district-estimate","admin2",0.001,568.959776092397,820.458584985366,1288.47949859992,421.030234308374,607.139352889171,953.474828963941,113.172926982091,163.199058056609,256.294034025507
"ZAF","global-estimate","admin1",1e-04,564.97154328113,833.776796946076,1327.63733083895,0,0,0,169.491462984339,250.133039083823,398.291199251685
"ZAF","global-estimate","admin1",2e-04,564.953298387895,842.576297115552,1299.77435139065,0,0,0,169.485989516368,252.772889134666,389.932305417195
"ZAF","global-estimate","admin1",0.001,564.271771003543,833.039090889504,1327.07756843408,0,0,0,169.281531301063,249.911727266851,398.123270530224
"ZAF","global-estimate","admin2",1e-04,568.81237031513,820.230612025397,1288.08573328443,0,0,0,170.643711094539,246.069183607619,386.425719985329
"ZAF","global-estimate","admin2",2e-04,527.188936388555,873.024586350182,1441.96612437216,0,0,0,158.156680916567,261.907375905055,432.589837311648
"ZAF","global-estimate","admin2",0.001,568.959776092397,820.458584985365,1288.47949859992,0,0,0,170.687932827719,246.137575495609,386.543849579976
"ZAF","no-estimate","admin1",1e-04,564.97154328113,833.776796946075,1327.63733083895,0,0,0,0,0,0
"ZAF","no-estimate","admin1",2e-04,564.97154328113,833.776796946075,1327.63733083895,0,0,0,0,0,0
"ZAF","no-estimate","admin1",0.001,564.97154328113,833.776796946075,1327.63733083895,0,0,0,0,0,0
"ZAF","no-estimate","admin2",1e-04,568.812370315131,820.230612025398,1288.08573328443,0,0,0,0,0,0
"ZAF","no-estimate","admin2",2e-04,568.812370315131,820.230612025398,1288.08573328443,0,0,0,0,0,0
"ZAF","no-estimate","admin2",0.001,568.812370315131,820.230612025398,1288.08573328443,0,0,0,0,0,0
"ZMB","district-estimate","admin1",1e-04,23325.4160147796,28365.0228576491,36904.6402833285,17260.8078509369,20990.1169146603,27309.4338096631,4639.70515033184,5642.1434266607,7340.77580803744
"ZMB","district-estimate","admin1",2e-04,26535.3551715594,32913.7689722863,45543.137418104,19636.162826954,24356.1890394919,33701.921689397,5278.20056788522,6546.94361381541,9059.0765501099
"ZMB","district-estimate","admin1",0.001,28086.525238534,35814.4026707362,50610.9633091111,20784.0286765152,26502.6579763448,37452.1128487422,5586.74690824727,7123.91446404148,10067.1279337419
"ZMB","district-estimate","admin2",1e-04,22123.1165685053,25066.2286463569,30351.5546081442,16371.1062606939,18549.0091983041,22460.1504100267,4400.55336287453,4985.97367250414,6037.28843021518
"ZMB","district-estimate","admin2",2e-04,26968.6499197952,30583.2918734715,37717.22256672,19956.8009406484,22631.6359863689,27910.7446993728,5364.3880928463,6083.38375313596,7502.40817519141
"ZMB","district-estimate","admin2",0.001,33106.2392127671,35607.7684338583,43642.1495726797,24498.6170174477,26349.7486410551,32295.190683783,6585.22825428993,7082.81243471562,8680.94725580087
"ZMB","global-estimate","admin1",1e-04,25035.6217805324,29776.5129220952,36960.1053140056,0,0,0,7510.68653415972,8932.95387662856,11088.0315942017
"ZMB","global-estimate","admin1",2e-04,22029.2520148428,34704.7099492202,50718.4451387634,0,0,0,6608.77560445284,10411.4129847661,15215.533541629
"ZMB","global-estimate","admin1",0.001,28086.525238534,35814.4026707363,50610.9633091111,0,0,0,8425.9575715602,10744.3208012209,15183.2889927333
"ZMB","global-estimate","admin2",1e-04,25088.1437537863,26980.6288886168,31985.8665034324,0,0,0,7526.44312613589,8094.18866658504,9595.75995102972
"ZMB","global-estimate","admin2",2e-04,17498.3088149107,30849.5617405603,46234.6650887733,0,0,0,5249.49264447321,9254.86852216809,13870.399526632
"ZMB","global-estimate","admin2",0.001,33106.2392127671,35627.6141093301,43686.9082835814,0,0,0,9931.87176383013,10688.284232799,13106.0724850744
"ZMB","no-estimate","admin1",1e-04,19652.7588779219,23813.4142323002,30396.1526293818,0,0,0,0,0,0
"ZMB","no-estimate","admin1",2e-04,23680.3163750088,29058.1884513429,35591.2850988723,0,0,0,0,0,0
"ZMB","no-estimate","admin1",0.001,28084.9722076389,35859.3500749743,50588.0099656296,0,0,0,0,0,0
"ZMB","no-estimate","admin2",1e-04,19826.6234439614,21373.7647004812,25302.8312881024,0,0,0,0,0,0
"ZMB","no-estimate","admin2",2e-04,22860.9612653794,26110.8904175651,30389.0149406328,0,0,0,0,0,0
"ZMB","no-estimate","admin2",0.001,32789.6646566608,35086.3516788735,43591.4798957097,0,0,0,0,0,0
"ZWE","district-estimate","admin1",1e-04,6673.65331624862,7567.55448228361,8820.63634387149,4938.50345402398,5599.99031688987,6527.2708944649,1327.46972844165,1505.27739718,1754.53041643217
"ZWE","district-estimate","admin1",2e-04,6890.88955047585,7654.96552114784,8820.63634387149,5099.25826735213,5664.6744856494,6527.2708944649,1370.68062226425,1522.66450174256,1754.53041643217
"ZWE","district-estimate","admin1",0.001,6890.88955047585,7654.96552114784,8820.63634387149,5099.25826735213,5664.6744856494,6527.2708944649,1370.68062226425,1522.66450174256,1754.53041643217
"ZWE","district-estimate","admin2",1e-04,5527.50472570075,6280.60009751141,7500.97047890333,4090.35349701856,4647.64407215844,5550.71815438846,1099.48701999859,1249.28672659619,1492.03303989962
"ZWE","district-estimate","admin2",2e-04,6131.46081539427,7042.93450768146,8410.3894410989,4537.28100339176,5211.77153568428,6223.68818641319,1219.6211337117,1400.92418879193,1672.92738450786
"ZWE","district-estimate","admin2",0.001,6886.83756297412,7649.46931380228,8729.81229880214,5096.25979660085,5660.60729221369,6460.06110111358,1369.87463332631,1521.57124014704,1736.46442397933
"ZWE","global-estimate","admin1",1e-04,6875.77800469621,7640.18436232592,8806.82601558317,0,0,0,2062.73340140886,2292.05530869778,2642.04780467495
"ZWE","global-estimate","admin1",2e-04,6833.27161755878,7686.85756078558,9144.1231034291,0,0,0,2049.98148526763,2306.05726823567,2743.23693102873
"ZWE","global-estimate","admin1",0.001,6890.88955047584,7654.96552114785,8820.63634387149,0,0,0,2067.26686514275,2296.48965634435,2646.19090316145
"ZWE","global-estimate","admin2",1e-04,5866.50822849978,6530.03849804004,7517.99895985482,0,0,0,1759.95246854993,1959.01154941201,2255.39968795645
"ZWE","global-estimate","admin2",2e-04,4291.89784036723,7049.53308427223,11214.7776687764,0,0,0,1287.56935211017,2114.85992528167,3364.43330063292
"ZWE","global-estimate","admin2",0.001,6886.83756297411,7649.46931380228,8729.81229880213,0,0,0,2066.05126889223,2294.84079414068,2618.94368964064
"ZWE","no-estimate","admin1",1e-04,5472.83385006661,6208.50173341881,7177.87359701245,0,0,0,0,0,0
"ZWE","no-estimate","admin1",2e-04,6875.77801207349,7640.18416350798,8806.82574299924,0,0,0,0,0,0
"ZWE","no-estimate","admin1",0.001,6875.77801207349,7640.18416350798,8806.82574299924,0,0,0,0,0,0
"ZWE","no-estimate","admin2",1e-04,4836.33568809063,5348.25325757423,5928.84526691176,0,0,0,0,0,0
"ZWE","no-estimate","admin2",2e-04,5644.4836313408,6334.30242794353,6951.44223569626,0,0,0,0,0,0
"ZWE","no-estimate","admin2",0.001,6887.80993448739,7650.62122207696,8730.93071803334,0,0,0,0,0,0
