"ISO","confirmation_lens","admin_level","threshold","costeff_ocv_test_lb","costeff_ocv_test_median","costeff_ocv_test_ub"
"AGO","district-estimate","admin1",1e-04,1584.29458670972,3553.59802484388,6681.30486578897
"AGO","district-estimate","admin1",2e-04,1317.27115323426,2517.25006625107,4879.01423491195
"AGO","district-estimate","admin1",0.001,1390.76786988572,216359.172598732,242830.630772101
"AGO","district-estimate","admin2",1e-04,1373.48966453071,1971.28245843864,4169.79752818349
"AGO","district-estimate","admin2",2e-04,983.674377005759,1551.80831345316,2995.14607351242
"AGO","district-estimate","admin2",0.001,462.54645914312,750.190450360824,1471.56762184668
"AGO","global-estimate","admin1",1e-04,1675.22141914702,3351.67582766825,5466.89448815121
"AGO","global-estimate","admin1",2e-04,290.387313035451,1508.36101428782,7708506.04823381
"AGO","global-estimate","admin1",0.001,159722.838212858,212810.742026805,237427.140392772
"AGO","global-estimate","admin2",1e-04,1354.79466656419,1922.71714798507,3792.95262109565
"AGO","global-estimate","admin2",2e-04,415.119203053346,1043.53387989431,5720.02101612862
"AGO","global-estimate","admin2",0.001,507.318436953712,763.905157577033,190500.781942552
"AGO","no-estimate","admin1",1e-04,2068.64089783451,4643.17144248463,8691.3071111968
"AGO","no-estimate","admin1",2e-04,1749.88945621226,3587.89016724323,6188.16717895632
"AGO","no-estimate","admin1",0.001,0,1537.170873677,3467.92653743175
"AGO","no-estimate","admin2",1e-04,1755.22426844951,2472.1150612909,5061.15560158137
"AGO","no-estimate","admin2",2e-04,1348.82321737354,1977.58324928409,4288.5054206412
"AGO","no-estimate","admin2",0.001,573.331841337801,1132.74354365194,1868.23780468981
"BDI","district-estimate","admin1",1e-04,6129.8605754774,9674.12988618046,51931.2007194971
"BDI","district-estimate","admin1",2e-04,6304.33049774383,51976.7710711758,55666.2383345971
"BDI","district-estimate","admin1",0.001,49324.9868358168,52175.1856805079,55666.2383345971
"BDI","district-estimate","admin2",1e-04,3275.61900271335,4073.72936913847,5370.9991667
"BDI","district-estimate","admin2",2e-04,2679.986785174,3495.20823848101,4536.23318313726
"BDI","district-estimate","admin2",0.001,46409.8515505943,48678.5211794275,51192.8202802576
"BDI","global-estimate","admin1",1e-04,6293.04389321738,9279.52909592223,50581.6122729173
"BDI","global-estimate","admin1",2e-04,21.45810712093,181.031107590274,53576.3798062334
"BDI","global-estimate","admin1",0.001,48189.9769580079,50974.5903043548,54385.3108691619
"BDI","global-estimate","admin2",1e-04,3186.46956281668,4052.21717370176,5525.13277774937
"BDI","global-estimate","admin2",2e-04,317.745038545053,2140.29600088805,4244117.48629064
"BDI","global-estimate","admin2",0.001,45341.921413828,47558.3870259266,50014.8299670641
"BDI","no-estimate","admin1",1e-04,10491.9857809812,12945.496946833,16926.8978280287
"BDI","no-estimate","admin1",2e-04,6054.67852350416,9862.9635383077,18464.3566970202
"BDI","no-estimate","admin1",0.001,0,0,0
"BDI","no-estimate","admin2",1e-04,4040.57968487691,4924.46607431682,6295.56579279042
"BDI","no-estimate","admin2",2e-04,3227.77197883623,4079.99029493008,5550.88514293975
"BDI","no-estimate","admin2",0.001,0,0,12387.4972696741
"BEN","district-estimate","admin1",1e-04,28541.5961389814,35194.6221269307,41175.4576145587
"BEN","district-estimate","admin1",2e-04,28566.5606962401,35199.5710284693,41175.4576145587
"BEN","district-estimate","admin1",0.001,28566.5606962401,35199.5710284693,41175.4576145587
"BEN","district-estimate","admin2",1e-04,2590.53908378764,4657.17019797436,10293.6852432922
"BEN","district-estimate","admin2",2e-04,1634.5309803785,2968.00961933268,30679.8993238065
"BEN","district-estimate","admin2",0.001,29556.3499303726,35334.7027058891,39986.3143932265
"BEN","global-estimate","admin1",1e-04,27905.576348547,34375.2234735645,40225.1770283563
"BEN","global-estimate","admin1",2e-04,18.8828136359426,120.711116379802,38699.2203749138
"BEN","global-estimate","admin1",0.001,27909.2198504496,34389.5989762732,40227.9753319706
"BEN","global-estimate","admin2",1e-04,2436.60583173786,3795.66990359233,12139.5144360826
"BEN","global-estimate","admin2",2e-04,13.3847647323571,1363.17319194693,1180331.851533
"BEN","global-estimate","admin2",0.001,28876.2331928941,34521.6211589214,39066.1953070409
"BEN","no-estimate","admin1",1e-04,0,21889.4571133044,38535.5539913879
"BEN","no-estimate","admin1",2e-04,0,0,0
"BEN","no-estimate","admin1",0.001,0,0,0
"BEN","no-estimate","admin2",1e-04,8454.1359124876,11708.5783025719,17612.5024100838
"BEN","no-estimate","admin2",2e-04,2551.9664658498,4503.58009095712,10887.2602217567
"BEN","no-estimate","admin2",0.001,0,0,3144.58531608807
"BFA","district-estimate","admin1",1e-04,3289.29431340233,4496.72553221428,6328.746830304
"BFA","district-estimate","admin1",2e-04,3289.29431340233,4496.72553221428,6328.746830304
"BFA","district-estimate","admin1",0.001,3289.29431340233,4496.72553221428,6328.746830304
"BFA","district-estimate","admin2",1e-04,3287.14520236777,4510.07389271433,6342.70631095794
"BFA","district-estimate","admin2",2e-04,3287.14520236777,4510.07389271433,6246.73534404671
"BFA","district-estimate","admin2",0.001,3287.14520236777,4510.07389271433,6246.73534404671
"BFA","global-estimate","admin1",1e-04,3214.3883940286,4395.46263065088,6190.70885464758
"BFA","global-estimate","admin1",2e-04,11.6255421044329,147.986014321206,6219.39025565253
"BFA","global-estimate","admin1",0.001,3213.60485505216,4393.2520550931,6183.11698572934
"BFA","global-estimate","admin2",1e-04,3211.30721746436,4405.86087876273,6102.3602228418
"BFA","global-estimate","admin2",2e-04,6.17280287150582,148.477699298444,8599.37805527766
"BFA","global-estimate","admin2",0.001,3211.50519688944,4406.29325847072,6102.99265348803
"BFA","no-estimate","admin1",1e-04,0,0,0
"BFA","no-estimate","admin1",2e-04,0,0,0
"BFA","no-estimate","admin1",0.001,0,0,0
"BFA","no-estimate","admin2",1e-04,0,0,39577.6797107795
"BFA","no-estimate","admin2",2e-04,0,0,0
"BFA","no-estimate","admin2",0.001,0,0,0
"CAF","district-estimate","admin1",1e-04,3399.60960232557,5584.72950424272,11718.2740858016
"CAF","district-estimate","admin1",2e-04,3399.60960232557,5656.35172750147,11006.3508994739
"CAF","district-estimate","admin1",0.001,3429.80574005032,6097.23163248255,12472.8613730969
"CAF","district-estimate","admin2",1e-04,995.620484886982,3853.55640895243,7537.76286828605
"CAF","district-estimate","admin2",2e-04,991.760307223134,3765.47282606027,7048.53747653952
"CAF","district-estimate","admin2",0.001,966.422995942118,5099.88686313878,11430.9985299675
"CAF","global-estimate","admin1",1e-04,3325.19770964462,5478.96733212824,9764.72858530968
"CAF","global-estimate","admin1",2e-04,11.1748045729894,2478.43245178949,12041.565813748
"CAF","global-estimate","admin1",0.001,3350.88299432551,5956.92914941871,12185.8502298375
"CAF","global-estimate","admin2",1e-04,991.356315546694,3895.32353868877,7479.47447201525
"CAF","global-estimate","admin2",2e-04,5.62254480051916,1507.30209244833,323298.883839924
"CAF","global-estimate","admin2",0.001,1860.60415870115,5795.91289286333,11394.0059512699
"CAF","no-estimate","admin1",1e-04,0,0,24663.2803424886
"CAF","no-estimate","admin1",2e-04,0,0,8955.11320792551
"CAF","no-estimate","admin1",0.001,0,0,0
"CAF","no-estimate","admin2",1e-04,1011.79019290137,4172.27312421753,11310.1313906527
"CAF","no-estimate","admin2",2e-04,973.451959044741,3845.48214866619,7426.37946590353
"CAF","no-estimate","admin2",0.001,0,0,3785.29645601484
"CIV","district-estimate","admin1",1e-04,4574.63226280982,9055.51232021247,32091.0073202497
"CIV","district-estimate","admin1",2e-04,4876.98120850134,29211.6298076111,32911.3921638319
"CIV","district-estimate","admin1",0.001,26631.056143711,30495.3271856799,33254.4831496172
"CIV","district-estimate","admin2",1e-04,4710.57942663379,8661.01677391765,31421.6251523254
"CIV","district-estimate","admin2",2e-04,4877.21740924389,29002.448962198,32850.7441147381
"CIV","district-estimate","admin2",0.001,26702.4047435001,30504.0527075027,33129.7005298686
"CIV","global-estimate","admin1",1e-04,4651.1672415038,9045.47164754842,30402.4051378902
"CIV","global-estimate","admin1",2e-04,15.9341121511899,205.888827837554,32368.0497644323
"CIV","global-estimate","admin1",0.001,26018.2529030288,29793.6037833408,32489.2692230148
"CIV","global-estimate","admin2",1e-04,5201.69053368832,8754.3541783653,30179.8558161444
"CIV","global-estimate","admin2",2e-04,9.83668488049301,221.620898794725,2904561.97164133
"CIV","global-estimate","admin2",0.001,26087.959710884,29802.1285234889,32367.3579574232
"CIV","no-estimate","admin1",1e-04,5071.329394243,11174.544234925,25500.9029273395
"CIV","no-estimate","admin1",2e-04,0,7037.20875700267,16910.3266233313
"CIV","no-estimate","admin1",0.001,0,0,0
"CIV","no-estimate","admin2",1e-04,6332.67616736894,10567.9741871564,21493.6197934245
"CIV","no-estimate","admin2",2e-04,0,7694.40793530466,14817.6527989163
"CIV","no-estimate","admin2",0.001,0,0,0
"CMR","district-estimate","admin1",1e-04,2210.23897737091,3157.10333207562,4328.15670272906
"CMR","district-estimate","admin1",2e-04,1557.67251725489,2292.02746318443,3440.9248725004
"CMR","district-estimate","admin1",0.001,973.830482996421,834094.319268966,1040665.93338501
"CMR","district-estimate","admin2",1e-04,1678.75896779039,2376.0275817094,3225.60652623626
"CMR","district-estimate","admin2",2e-04,1108.1741806629,1589.66949858152,2225.52122452745
"CMR","district-estimate","admin2",0.001,576.710610114876,964.134352794559,787214.502381344
"CMR","global-estimate","admin1",1e-04,2145.48043584888,2831.40333942543,3823.9550594743
"CMR","global-estimate","admin1",2e-04,918.464438784947,1936.46363600245,44459913.6123593
"CMR","global-estimate","admin1",0.001,711332.508862126,882470.274982228,1032420.67638979
"CMR","global-estimate","admin2",1e-04,1713.56558228221,2096.36915847922,2738.89052472108
"CMR","global-estimate","admin2",2e-04,503.791794771052,1153.93470686064,5110.04101521462
"CMR","global-estimate","admin2",0.001,625.968041766801,1096.22101814574,807172.506498699
"CMR","no-estimate","admin1",1e-04,2734.69190367949,3701.09637484743,4721.81390695384
"CMR","no-estimate","admin1",2e-04,2168.60638030182,3149.89391586246,4358.62217127498
"CMR","no-estimate","admin1",0.001,841.178723282539,1833.65179109342,3538.11533572878
"CMR","no-estimate","admin2",1e-04,2225.06209858763,3016.67019701973,3917.53123023715
"CMR","no-estimate","admin2",2e-04,1792.58268484774,2437.01505525386,3203.17963303792
"CMR","no-estimate","admin2",0.001,664.258519274736,1088.01647354894,1709.04570313593
"COD","district-estimate","admin1",1e-04,2542.85698418247,3266.50732901745,4021.10176856764
"COD","district-estimate","admin1",2e-04,1985.86058663987,2817.95997019886,4003.06606703512
"COD","district-estimate","admin1",0.001,1047.04930908227,2171062.29023431,2466462.85079748
"COD","district-estimate","admin2",1e-04,1326.51938119122,1739.25801492354,2358.56128625098
"COD","district-estimate","admin2",2e-04,949.820728218591,1232.48963242473,1644.11868181781
"COD","district-estimate","admin2",0.001,359.064489194456,488.170634167408,797.993125789535
"COD","global-estimate","admin1",1e-04,2522.3204584353,3177.82705010581,4099.52231327338
"COD","global-estimate","admin1",2e-04,1118.67962863266,2078.95421315543,45932.0030800259
"COD","global-estimate","admin1",0.001,1532.03786342743,2176586.19001851,2497877.26065317
"COD","global-estimate","admin2",1e-04,1289.10448168298,1602.39338301545,1884.67528536801
"COD","global-estimate","admin2",2e-04,468.967257408543,919.326819725696,1811.07857582228
"COD","global-estimate","admin2",0.001,358.723043046834,459.173850012581,698.104698331038
"COD","no-estimate","admin1",1e-04,2759.78222357925,3559.67335917036,4353.06897492133
"COD","no-estimate","admin1",2e-04,2598.96570868474,3221.3307818303,4138.21533533986
"COD","no-estimate","admin1",0.001,1257.11605044535,1916.14879076219,3429.68295187295
"COD","no-estimate","admin2",1e-04,1611.33018296033,2149.72635404761,2713.71596579717
"COD","no-estimate","admin2",2e-04,1327.17393234116,1755.89851071881,2263.77327597599
"COD","no-estimate","admin2",0.001,476.546571298024,694.953851276655,1059.79036177066
"COG","district-estimate","admin1",1e-04,1331.67351553843,3383.22496116837,5721.96159375189
"COG","district-estimate","admin1",2e-04,1206.29178367911,3373.30770303357,5288.79307955949
"COG","district-estimate","admin1",0.001,1233.58768004828,93331.9109618672,210787.559258275
"COG","district-estimate","admin2",1e-04,1276.26488184891,1988.53500179732,3253.87984365929
"COG","district-estimate","admin2",2e-04,928.059368704999,1617.95562549656,2776.82967231813
"COG","district-estimate","admin2",0.001,465.700236712402,758.023131745348,70753.3102832183
"COG","global-estimate","admin1",1e-04,1331.5340625447,3368.88169401288,6169.7006918404
"COG","global-estimate","admin1",2e-04,111.738720756464,2004.18357350679,10811909.678679
"COG","global-estimate","admin1",0.001,62818.887190719,95127.9889481808,209708.643596916
"COG","global-estimate","admin2",1e-04,1332.85146005268,1947.7040336625,3131.24531823557
"COG","global-estimate","admin2",2e-04,355.653119794751,1236.59274765463,2467789.75272339
"COG","global-estimate","admin2",0.001,474.367901149965,776.223618552481,70240.6653263998
"COG","no-estimate","admin1",1e-04,1417.56600119435,3395.8813644075,5955.10588266349
"COG","no-estimate","admin1",2e-04,1325.54869961675,3358.78799557024,5926.35068994172
"COG","no-estimate","admin1",0.001,0,0,2402.20476774472
"COG","no-estimate","admin2",1e-04,1339.20323545445,2092.53788890883,3650.32029511986
"COG","no-estimate","admin2",2e-04,1340.24243065963,2047.52008054653,3239.14883809168
"COG","no-estimate","admin2",0.001,484.522395455273,860.543274293221,1769.12580517894
"ETH","district-estimate","admin1",1e-04,3987.56134204252,7321.53677467423,506895.653738761
"ETH","district-estimate","admin1",2e-04,4037.97353451158,480827.266518367,555882.664975384
"ETH","district-estimate","admin1",0.001,457231.036462443,503547.24063681,565399.272984524
"ETH","district-estimate","admin2",1e-04,1832.32086777962,3739.72877336292,5704.92851788127
"ETH","district-estimate","admin2",2e-04,867.070169491467,2910.3992387752,5230.6484033963
"ETH","district-estimate","admin2",0.001,772.908521830288,497534.476263614,1140254.3227935
"ETH","global-estimate","admin1",1e-04,4037.15960752955,7624.3141206806,503415.670220147
"ETH","global-estimate","admin1",2e-04,15.1377885293706,113.476100701237,549841.562306703
"ETH","global-estimate","admin1",0.001,446709.761625552,491960.190568888,552388.955072439
"ETH","global-estimate","admin2",1e-04,1724.41499914499,3549.76554415253,5745.55420720608
"ETH","global-estimate","admin2",2e-04,34.2871558705867,1420.17191547779,31122423.7613066
"ETH","global-estimate","admin2",0.001,818.981275381164,486492.513389963,1127358.9138177
"ETH","no-estimate","admin1",1e-04,4470.12117335584,11687.9193259186,22569.6664444539
"ETH","no-estimate","admin1",2e-04,0,6063.90049485859,12014.1228801526
"ETH","no-estimate","admin1",0.001,0,0,0
"ETH","no-estimate","admin2",1e-04,3182.94948055695,5181.7369836252,8210.06250646588
"ETH","no-estimate","admin2",2e-04,2035.93262482611,3789.39759790605,6191.7768276905
"ETH","no-estimate","admin2",0.001,0,955.370527754904,3694.99150915041
"GHA","district-estimate","admin1",1e-04,2778.60804894456,3413.83071045135,4230.39505753193
"GHA","district-estimate","admin1",2e-04,1955.69564164676,2433.99163343201,3182.4980711645
"GHA","district-estimate","admin1",0.001,648202.981275555,738643.775422982,835089.709517661
"GHA","district-estimate","admin2",1e-04,1950.62781411752,2270.88537310135,2700.40791704477
"GHA","district-estimate","admin2",2e-04,1514.29146066966,1762.06655546507,2132.44462341923
"GHA","district-estimate","admin2",0.001,455.371489267393,631.16445789366,897.396072699541
"GHA","global-estimate","admin1",1e-04,2641.08955226104,3038.55941875221,3456.36669035432
"GHA","global-estimate","admin1",2e-04,976.470225510583,1928.5553269923,15538.0328987341
"GHA","global-estimate","admin1",0.001,633287.279645023,721646.954236233,815873.585399593
"GHA","global-estimate","admin2",1e-04,1926.17828776514,2155.4671465407,2521.21138549517
"GHA","global-estimate","admin2",2e-04,451.244745830022,1278.0287921834,3096.03748885243
"GHA","global-estimate","admin2",0.001,445.555260934488,606.060263640826,845.974884942351
"GHA","no-estimate","admin1",1e-04,3406.30522381143,3996.60378349959,4811.6330686106
"GHA","no-estimate","admin1",2e-04,2743.58653595375,3371.57281936982,4195.88861950087
"GHA","no-estimate","admin1",0.001,0,2014.39727057865,2794.73995404638
"GHA","no-estimate","admin2",1e-04,2312.54143213908,2709.17241885169,3217.87824381375
"GHA","no-estimate","admin2",2e-04,1933.48508345815,2321.54875458886,2797.39027133011
"GHA","no-estimate","admin2",0.001,857.258560112318,1023.4071680005,1272.32551494662
"GIN","district-estimate","admin1",1e-04,2636.0558489055,3663.12155379206,6364.34603604989
"GIN","district-estimate","admin1",2e-04,1987.79260579751,3257.42475577045,5816.49847532839
"GIN","district-estimate","admin1",0.001,157622.162927168,201424.25899355,216904.618635544
"GIN","district-estimate","admin2",1e-04,2180.0163698591,2984.63679760396,4936.24104755735
"GIN","district-estimate","admin2",2e-04,2033.49491526373,2860.14199415802,4753.58157389538
"GIN","district-estimate","admin2",0.001,153805.222539428,196436.191872706,208472.550883572
"GIN","global-estimate","admin1",1e-04,2593.15270652978,3477.72908848424,5935.36062626676
"GIN","global-estimate","admin1",2e-04,652.398796883998,2876.60570740688,13472682.6797927
"GIN","global-estimate","admin1",0.001,153995.142965065,196789.315565202,211913.458972123
"GIN","global-estimate","admin2",1e-04,2195.56795801191,2951.58033813553,5172.79730107517
"GIN","global-estimate","admin2",2e-04,69.6367398191731,2357.0919379024,22255306.4489394
"GIN","global-estimate","admin2",0.001,150266.033620393,191916.028109118,203675.420267147
"GIN","no-estimate","admin1",1e-04,3146.78655029469,4283.8176835866,7018.558882032
"GIN","no-estimate","admin1",2e-04,2467.53852923782,3663.21585383916,6409.1374090721
"GIN","no-estimate","admin1",0.001,0,0,0
"GIN","no-estimate","admin2",1e-04,2445.61773179652,3394.74944621865,5558.41850264274
"GIN","no-estimate","admin2",2e-04,2188.20542528255,2990.71256397265,4937.3344832889
"GIN","no-estimate","admin2",0.001,0,0,6611.72553273244
"GNB","district-estimate","admin1",1e-04,2015.17844784986,2772.03307621235,3918.57942945339
"GNB","district-estimate","admin1",2e-04,1556.7969332222,2277.54855498665,3132.38370449014
"GNB","district-estimate","admin1",0.001,335.813512598815,586.145630274916,40250.3412523663
"GNB","district-estimate","admin2",1e-04,1982.1671073616,2490.08870181549,3334.45604832983
"GNB","district-estimate","admin2",2e-04,973.917186739624,1980.53369269798,2661.91320574602
"GNB","district-estimate","admin2",0.001,177.383696036738,461.293042561011,831.456511197404
"GNB","global-estimate","admin1",1e-04,2076.78251322614,2516.5855919531,3556.93145386353
"GNB","global-estimate","admin1",2e-04,753.839075517383,1970.77904134459,2790811.31958434
"GNB","global-estimate","admin1",0.001,334.529225640572,551.352670121012,38931.5027903888
"GNB","global-estimate","admin2",1e-04,2068.70361249327,2421.52385815814,3138.85688698673
"GNB","global-estimate","admin2",2e-04,137.075571504645,1251.02005596835,135211.400711822
"GNB","global-estimate","admin2",0.001,210.006813387858,470.181512610336,860.456289202703
"GNB","no-estimate","admin1",1e-04,2909.81772198419,3791.30023974142,5501.22801995004
"GNB","no-estimate","admin1",2e-04,2045.07756389892,2778.67103103682,4253.19901506692
"GNB","no-estimate","admin1",0.001,703.391255824986,1154.04857532043,2402.36470381504
"GNB","no-estimate","admin2",1e-04,2290.27097012068,2898.30349184366,4133.19131135739
"GNB","no-estimate","admin2",2e-04,2059.83103608439,2615.31483818612,3671.85554385964
"GNB","no-estimate","admin2",0.001,354.707839117184,517.490242767882,893.224342233324
"KEN","district-estimate","admin1",1e-04,1893.71091870307,2590.51565176287,4090.20891279651
"KEN","district-estimate","admin1",2e-04,1363.25560401123,1916.76973719512,3080.93759143814
"KEN","district-estimate","admin1",0.001,992.149081022112,545847.385695185,864828.415780833
"KEN","district-estimate","admin2",1e-04,1042.11004832173,1434.95774226392,2360.15780744093
"KEN","district-estimate","admin2",2e-04,728.8647431772,1009.24192421302,1684.34280709701
"KEN","district-estimate","admin2",0.001,260.866191865786,425.61943216233,964.911700258626
"KEN","global-estimate","admin1",1e-04,1845.62027636306,2388.45412394942,3771.08306948822
"KEN","global-estimate","admin1",2e-04,841.135852914976,1566.54992965066,23239315.9862721
"KEN","global-estimate","admin1",0.001,1104.06303777151,669488.173805021,866834.707860633
"KEN","global-estimate","admin2",1e-04,994.477053628309,1244.23136678505,2013.49821160147
"KEN","global-estimate","admin2",2e-04,394.561627717183,791.705242524942,2426.48501516872
"KEN","global-estimate","admin2",0.001,281.432889981248,395.059251176358,1167.71974051578
"KEN","no-estimate","admin1",1e-04,2446.58687382094,3424.84009076533,5652.9948377544
"KEN","no-estimate","admin1",2e-04,1919.60115231508,2666.45033352982,4339.02843602119
"KEN","no-estimate","admin1",0.001,1083.14311432338,1515.27801867625,2523.41814051007
"KEN","no-estimate","admin2",1e-04,1578.89575395126,2204.35111516812,3802.71894480284
"KEN","no-estimate","admin2",2e-04,1043.68957898435,1387.03614161737,2314.7455787978
"KEN","no-estimate","admin2",0.001,447.499283321245,621.233541178477,1197.96307269592
"LBR","district-estimate","admin1",1e-04,1041.1846618977,2893.55865784174,5665.71339583669
"LBR","district-estimate","admin1",2e-04,1041.1846618977,2413.29906854451,5606.26848362019
"LBR","district-estimate","admin1",0.001,1091.61966562885,31887.4623308894,47798.2773303409
"LBR","district-estimate","admin2",1e-04,660.180543657887,1803.88891971821,3945.37538866812
"LBR","district-estimate","admin2",2e-04,618.317179342866,1216.81530975045,3269.33896092637
"LBR","district-estimate","admin2",0.001,250.539743672558,999.747791392615,46084.6775278115
"LBR","global-estimate","admin1",1e-04,1041.03616633372,2636.4479625662,5689.64811408569
"LBR","global-estimate","admin1",2e-04,582.388949649195,1924.98769308711,2948266.06828062
"LBR","global-estimate","admin1",0.001,21867.0491299471,32338.9860441117,46698.3983360947
"LBR","global-estimate","admin2",1e-04,661.58241454324,1695.40426343263,3664.30760648746
"LBR","global-estimate","admin2",2e-04,211.263624336743,957.697161119813,1204418.10632036
"LBR","global-estimate","admin2",0.001,249.885376743816,1489.05805611262,45024.2299217369
"LBR","no-estimate","admin1",1e-04,1034.93045919334,3679.16963058754,7624.20380906213
"LBR","no-estimate","admin1",2e-04,1034.93045919334,2687.21638640826,5641.75248756174
"LBR","no-estimate","admin1",0.001,0,1022.75681777744,4002.74908503663
"LBR","no-estimate","admin2",1e-04,708.948941362323,2193.02302729392,5151.50256893796
"LBR","no-estimate","admin2",2e-04,654.970648196094,1779.36123849772,4135.3826847906
"LBR","no-estimate","admin2",0.001,267.806260154738,1086.83412696442,2880.84422220676
"MDG","district-estimate","admin1",1e-04,10808.4756044578,15318.4636614399,27332.309688587
"MDG","district-estimate","admin1",2e-04,10808.4756044578,15318.4636614399,27332.309688587
"MDG","district-estimate","admin1",0.001,10808.4756044578,15318.4636614399,27332.309688587
"MDG","district-estimate","admin2",1e-04,10660.1582945779,15211.5670072404,27268.5710318104
"MDG","district-estimate","admin2",2e-04,10918.9261341177,15211.5670072404,27268.5710318104
"MDG","district-estimate","admin2",0.001,10918.9261341177,15211.5670072404,27268.5710318104
"MDG","global-estimate","admin1",1e-04,10561.8982979146,14962.1329334425,26697.2830180987
"MDG","global-estimate","admin1",2e-04,10.1824901898537,137.991025116484,20408.882493291
"MDG","global-estimate","admin1",0.001,10559.7633926137,14965.9727905054,26703.370007708
"MDG","global-estimate","admin2",1e-04,10668.9373862963,14862.6300452874,26645.4539542855
"MDG","global-estimate","admin2",2e-04,4.22587879880468,125.304876374422,35882.4254029132
"MDG","global-estimate","admin2",0.001,10667.6723616931,14861.5359191909,26641.0980316075
"MDG","no-estimate","admin1",1e-04,0,0,0
"MDG","no-estimate","admin1",2e-04,0,0,0
"MDG","no-estimate","admin1",0.001,0,0,0
"MDG","no-estimate","admin2",1e-04,0,0,20594.5596651697
"MDG","no-estimate","admin2",2e-04,0,0,0
"MDG","no-estimate","admin2",0.001,0,0,0
"MLI","district-estimate","admin1",1e-04,9911.93656275925,13637.1047791453,50507.7328021018
"MLI","district-estimate","admin1",2e-04,39981.2341444926,45306.9380697683,55158.0417891601
"MLI","district-estimate","admin1",0.001,39981.2341444926,45306.9380697683,55158.0417891601
"MLI","district-estimate","admin2",1e-04,5391.19448798246,7851.41571607362,10019.3008662634
"MLI","district-estimate","admin2",2e-04,3741.65170619235,5866.61571183304,46728.1250885584
"MLI","district-estimate","admin2",0.001,41145.5693079344,45107.8342332173,52206.2499322908
"MLI","global-estimate","admin1",1e-04,10848.3796639126,43221.0387645348,50151.183969821
"MLI","global-estimate","admin1",2e-04,18.3004731329727,222.457485713446,53182.5044109129
"MLI","global-estimate","admin1",0.001,39061.2319591491,44264.3869097724,53888.8083582486
"MLI","global-estimate","admin2",1e-04,5303.43757337124,7665.26503149096,11284.3944348827
"MLI","global-estimate","admin2",2e-04,14.9703128143412,1777.68323852926,3001109.5564121
"MLI","global-estimate","admin2",0.001,40198.7747806895,44069.8646217568,51004.9397412968
"MLI","no-estimate","admin1",1e-04,9809.28200378397,14084.7878233663,20264.5705328454
"MLI","no-estimate","admin1",2e-04,0,0,17799.9967914755
"MLI","no-estimate","admin1",0.001,0,0,0
"MLI","no-estimate","admin2",1e-04,7634.71011967483,9835.84102665161,12697.8975934283
"MLI","no-estimate","admin2",2e-04,5897.19964473853,8368.70362331554,11501.3347592789
"MLI","no-estimate","admin2",0.001,0,0,0
"MOZ","district-estimate","admin1",1e-04,4474.44766339586,7429.40762104801,12811.200834254
"MOZ","district-estimate","admin1",2e-04,3644.25099805104,195598.789810873,263683.382200611
"MOZ","district-estimate","admin1",0.001,199229.335096858,244076.42573031,385378.605437023
"MOZ","district-estimate","admin2",1e-04,1180.51242673332,2001.39693612661,3569.30214522638
"MOZ","district-estimate","admin2",2e-04,951.336195357968,1660.47511260817,2809.22742502032
"MOZ","district-estimate","admin2",0.001,395.525481841686,823.165070288689,237462.370493411
"MOZ","global-estimate","admin1",1e-04,4572.28094150113,7206.86666172609,196846.841404959
"MOZ","global-estimate","admin1",2e-04,18.2132932371154,1005.40499505467,7407411.34265555
"MOZ","global-estimate","admin1",0.001,194644.898733257,238460.019687135,376510.716119116
"MOZ","global-estimate","admin2",1e-04,1103.05679393922,1851.9693435294,3059.33278117384
"MOZ","global-estimate","admin2",2e-04,459.727314177505,1154.17858367774,4450.09652084733
"MOZ","global-estimate","admin2",0.001,422.817859486564,864.599520841975,237819.278100009
"MOZ","no-estimate","admin1",1e-04,7322.45939433116,11081.4259169825,16189.8114855655
"MOZ","no-estimate","admin1",2e-04,4863.35605787457,7833.05170071376,14141.065560597
"MOZ","no-estimate","admin1",0.001,0,0,0
"MOZ","no-estimate","admin2",1e-04,1470.30788572013,2653.20737209731,4313.04965686107
"MOZ","no-estimate","admin2",2e-04,1130.86045274409,1982.83448962009,3648.95409117114
"MOZ","no-estimate","admin2",0.001,656.640383472855,1310.53101960094,2430.55769261537
"MRT","district-estimate","admin1",1e-04,2403.9146344724,3123.90904896645,4733.79157460874
"MRT","district-estimate","admin1",2e-04,2403.9146344724,3123.90904896645,4718.84585137305
"MRT","district-estimate","admin1",0.001,2403.9146344724,3123.90904896645,4718.84585137305
"MRT","district-estimate","admin2",1e-04,3123.07754343222,5342.23418700496,12243.8459653589
"MRT","district-estimate","admin2",2e-04,2663.49133716383,4405.79194939158,6777.45553791275
"MRT","district-estimate","admin2",0.001,2472.31277056405,3131.25505221461,4606.75320496458
"MRT","global-estimate","admin1",1e-04,2348.04621890838,3051.40568316914,4613.04224194292
"MRT","global-estimate","admin1",2e-04,10.3944813441312,109.375146101768,4470.21540199765
"MRT","global-estimate","admin1",0.001,2348.59851518751,3052.02524614343,4610.26119688558
"MRT","global-estimate","admin2",1e-04,3184.86604982718,5410.22465465358,14145.3621401759
"MRT","global-estimate","admin2",2e-04,4.94366399601182,2390.16085689997,377765.392920613
"MRT","global-estimate","admin2",0.001,2415.42275202307,3059.20221161208,4500.74789755989
"MRT","no-estimate","admin1",1e-04,0,14195.2652993809,32505.9894013797
"MRT","no-estimate","admin1",2e-04,0,0,0
"MRT","no-estimate","admin1",0.001,0,0,0
"MRT","no-estimate","admin2",1e-04,3331.04071049838,6107.17421720166,15915.2788255675
"MRT","no-estimate","admin2",2e-04,3191.52170587944,5461.97489645945,13647.1472061739
"MRT","no-estimate","admin2",0.001,0,0,0
"MWI","district-estimate","admin1",1e-04,6547.6939139304,10156.3678147158,46894.1512215457
"MWI","district-estimate","admin1",2e-04,5455.03408819662,47712.207236651,53278.7839397012
"MWI","district-estimate","admin1",0.001,44806.9372663431,47950.2253427884,73723.9379651395
"MWI","district-estimate","admin2",1e-04,2647.63153174671,4312.6425413563,6314.12121604367
"MWI","district-estimate","admin2",2e-04,1641.46036029646,3057.31050795084,4591.21856563645
"MWI","district-estimate","admin2",0.001,1124.32505525875,47330.6842642619,68913.219018269
"MWI","global-estimate","admin1",1e-04,5540.71709194264,11267.0746669851,48451.7360714042
"MWI","global-estimate","admin1",2e-04,22.0307658511829,106.443362976927,51133.8619501132
"MWI","global-estimate","admin1",0.001,43775.8915498801,46846.8498956062,72027.4874805214
"MWI","global-estimate","admin2",1e-04,2417.67822138562,4046.12629519937,6011.76920914721
"MWI","global-estimate","admin2",2e-04,290.813746456844,1444.56887698405,2324036.16847463
"MWI","global-estimate","admin2",0.001,44593.4953508902,46705.2500175357,68979.7240374447
"MWI","no-estimate","admin1",1e-04,7711.75409831577,12985.3366091722,16712.8490956793
"MWI","no-estimate","admin1",2e-04,6741.48267372101,10876.4537480537,17760.6416358814
"MWI","no-estimate","admin1",0.001,0,0,0
"MWI","no-estimate","admin2",1e-04,4414.26491037584,6603.92141959015,8621.64811672206
"MWI","no-estimate","admin2",2e-04,2574.07078896521,4422.79498334916,6970.15630833497
"MWI","no-estimate","admin2",0.001,0,1657.59496395361,5953.24852400546
"NAM","district-estimate","admin1",1e-04,861.628419759417,3357.53613140453,8204.01419637589
"NAM","district-estimate","admin1",2e-04,291.680401855057,2429.26810903541,13985.4538746024
"NAM","district-estimate","admin1",0.001,257.084637180953,10832.6272636259,33569.9437161134
"NAM","district-estimate","admin2",1e-04,648.861958080342,2228.6038090537,6033.15435691094
"NAM","district-estimate","admin2",2e-04,366.390594717931,1615.00300184791,5352.72545003137
"NAM","district-estimate","admin2",0.001,64.7787575790104,536.721900265177,16154.677426825
"NAM","global-estimate","admin1",1e-04,708.772551417498,3244.39637939337,8702.63454841327
"NAM","global-estimate","admin1",2e-04,10.7390535221997,1376.8944329032,1162380.36712315
"NAM","global-estimate","admin1",0.001,256.861641908432,15472.1205390934,35487.4382589971
"NAM","global-estimate","admin2",1e-04,613.131320149872,2090.41518634743,5345.63334680512
"NAM","global-estimate","admin2",2e-04,37.3926278602255,990.352365778438,1600449.00559865
"NAM","global-estimate","admin2",0.001,65.8703246706691,508.092328216354,15533.6371303757
"NAM","no-estimate","admin1",1e-04,1178.86025661632,3730.4253513919,8029.94681310018
"NAM","no-estimate","admin1",2e-04,892.158351826802,3382.49318795205,8180.88025398929
"NAM","no-estimate","admin1",0.001,0,554.594730207004,2617.27903822555
"NAM","no-estimate","admin2",1e-04,747.093707068816,2581.8823156818,6067.98204137167
"NAM","no-estimate","admin2",2e-04,651.632281848235,2291.81636551493,5297.5850422979
"NAM","no-estimate","admin2",0.001,0,202.589928440947,14094.4876241471
"NER","district-estimate","admin1",1e-04,6315.30301728701,9338.2450296915,113126.051523443
"NER","district-estimate","admin1",2e-04,102244.662748901,118416.991883969,137525.633999935
"NER","district-estimate","admin1",0.001,108345.597071952,118606.788822926,139461.593692202
"NER","district-estimate","admin2",1e-04,2621.23487743734,4102.91886758417,6374.09175170592
"NER","district-estimate","admin2",2e-04,1306.55594986316,2569.55082240422,4768.81591822732
"NER","district-estimate","admin2",0.001,1388.78956545088,117673.899555903,134372.279443022
"NER","global-estimate","admin1",1e-04,6513.69379960077,9490.06050807184,118363.241054093
"NER","global-estimate","admin1",2e-04,15.0819273135896,169.610047374083,139943.177847512
"NER","global-estimate","admin1",0.001,105852.472779733,115877.545785572,136252.463866329
"NER","global-estimate","admin2",1e-04,2602.94974304179,3852.32671432258,5799.98431673199
"NER","global-estimate","admin2",2e-04,13.6002090532967,1503.4903457554,11244519.3163513
"NER","global-estimate","admin2",0.001,106986.955790299,115716.928405063,133434.062495259
"NER","no-estimate","admin1",1e-04,6675.80797533288,9229.00806569701,14282.6019767442
"NER","no-estimate","admin1",2e-04,6489.20814302939,9370.44886814668,15888.3541075306
"NER","no-estimate","admin1",0.001,0,0,0
"NER","no-estimate","admin2",1e-04,4126.43575705933,5671.03942662758,8533.13654702872
"NER","no-estimate","admin2",2e-04,2518.96850445122,4247.75657997235,6382.82808739795
"NER","no-estimate","admin2",0.001,1208.62464092624,1868.94541572959,4252.9230724452
"NGA","district-estimate","admin1",1e-04,2714.89690605576,4290.9808688701,7282.0473803963
"NGA","district-estimate","admin1",2e-04,1477.40289472463,2409.9864677483,6132.30020738585
"NGA","district-estimate","admin1",0.001,1233598.19379065,1500388.08619362,1700483.95917756
"NGA","district-estimate","admin2",1e-04,1325.74719918185,1818.09774517559,2790.50185637411
"NGA","district-estimate","admin2",2e-04,918.173908055328,1205.8675248086,1935.11013146363
"NGA","district-estimate","admin2",0.001,221.841442584512,383.764450726839,822.084593312158
"NGA","global-estimate","admin1",1e-04,2041.57151281953,3115.43840776282,6030.2857691417
"NGA","global-estimate","admin1",2e-04,684.760932235787,1738.28501813524,49961812.4366618
"NGA","global-estimate","admin1",0.001,1205212.05068107,1465862.88086422,1661354.37771114
"NGA","global-estimate","admin2",1e-04,1244.81784523743,1620.91174974744,2420.74739000084
"NGA","global-estimate","admin2",2e-04,483.664915529861,869.827988155142,2117.09597086284
"NGA","global-estimate","admin2",0.001,199.42771684713,322.899398906252,815.60000073811
"NGA","no-estimate","admin1",1e-04,6209.05023370198,7750.96183527616,11116.9071438961
"NGA","no-estimate","admin1",2e-04,2467.93989594034,3902.71345145139,6997.67616148135
"NGA","no-estimate","admin1",0.001,0,0,2536.35803305346
"NGA","no-estimate","admin2",1e-04,1848.934814226,2555.32075184647,3953.42292248374
"NGA","no-estimate","admin2",2e-04,1308.80360798303,1839.79658296496,2858.31290829348
"NGA","no-estimate","admin2",0.001,365.549603318941,609.457777501005,1054.30558367968
"RWA","district-estimate","admin1",1e-04,10708.34097544,12706.5324293964,14950.9580620662
"RWA","district-estimate","admin1",2e-04,10708.34097544,12706.5324293964,14950.9580620662
"RWA","district-estimate","admin1",0.001,10708.34097544,12706.5324293964,14950.9580620662
"RWA","district-estimate","admin2",1e-04,7061.38868721206,11214.2248264584,12700.7609072664
"RWA","district-estimate","admin2",2e-04,11394.0131237784,11949.2109861182,12701.8521702055
"RWA","district-estimate","admin2",0.001,11394.0131237784,11949.2109861182,12701.8521702055
"RWA","global-estimate","admin1",1e-04,10532.9226557337,12367.5606615957,14340.5901058847
"RWA","global-estimate","admin1",2e-04,7.77181820445647,276.904303805373,15819.8090822599
"RWA","global-estimate","admin1",0.001,10461.9329465331,12414.1443164899,14606.9238073864
"RWA","global-estimate","admin2",1e-04,7523.30971992733,11545.3025925879,12434.5946382577
"RWA","global-estimate","admin2",2e-04,2.9841423902936,268.822997917947,22303.8527862997
"RWA","global-estimate","admin2",0.001,11131.8271958547,11674.2494834134,12409.5717540415
"RWA","no-estimate","admin1",1e-04,0,0,0
"RWA","no-estimate","admin1",2e-04,0,0,0
"RWA","no-estimate","admin1",0.001,0,0,0
"RWA","no-estimate","admin2",1e-04,9977.37532716399,13661.1010641517,20392.616252172
"RWA","no-estimate","admin2",2e-04,7474.41925498857,11259.463219657,22116.3752128441
"RWA","no-estimate","admin2",0.001,0,0,0
"SEN","district-estimate","admin1",1e-04,478.377657783354,741.858650563498,1022.95932271246
"SEN","district-estimate","admin1",2e-04,478.377657783354,741.858650563498,1022.95932271246
"SEN","district-estimate","admin1",0.001,478.377657783354,741.858650563498,1022.95932271246
"SEN","district-estimate","admin2",1e-04,471.157934576596,728.965654617458,1004.73264936266
"SEN","district-estimate","admin2",2e-04,471.157934576596,728.965654617458,1004.73264936266
"SEN","district-estimate","admin2",0.001,471.157934576596,728.965654617458,1004.73264936266
"SEN","global-estimate","admin1",1e-04,469.999013683504,725.214875352996,1001.79410017827
"SEN","global-estimate","admin1",2e-04,21.5486187993458,104.670754668911,966.976427253432
"SEN","global-estimate","admin1",0.001,467.36978121332,724.787852366829,999.420159088555
"SEN","global-estimate","admin2",1e-04,460.10252041422,711.970661005137,981.420666757269
"SEN","global-estimate","admin2",2e-04,15.296189948188,103.733108928596,1250.18884098233
"SEN","global-estimate","admin2",0.001,460.31618997497,712.191535217724,981.612896986857
"SEN","no-estimate","admin1",1e-04,0,0,0
"SEN","no-estimate","admin1",2e-04,0,0,0
"SEN","no-estimate","admin1",0.001,0,0,0
"SEN","no-estimate","admin2",1e-04,0,0,0
"SEN","no-estimate","admin2",2e-04,0,0,0
"SEN","no-estimate","admin2",0.001,0,0,0
"SLE","district-estimate","admin1",1e-04,824.789804593928,1396.25696211559,1934.87409431064
"SLE","district-estimate","admin1",2e-04,680.631268803614,1196.27014123487,1663.86708258303
"SLE","district-estimate","admin1",0.001,227.908517736488,510.267440770186,965.553787475105
"SLE","district-estimate","admin2",1e-04,719.87612809477,1231.22554878607,1647.81144522384
"SLE","district-estimate","admin2",2e-04,616.666078035773,1077.09805960723,1434.67767766626
"SLE","district-estimate","admin2",0.001,268.705028086914,562.525965135888,875.542771073691
"SLE","global-estimate","admin1",1e-04,842.365515949425,1381.36802779872,1774.77061889232
"SLE","global-estimate","admin1",2e-04,455.391553307648,1071.99909938382,8402.06111149145
"SLE","global-estimate","admin1",0.001,227.59601826086,502.539845094184,922.805423770781
"SLE","global-estimate","admin2",1e-04,718.116832562857,1208.42161648549,1613.67814220837
"SLE","global-estimate","admin2",2e-04,320.367182122696,864.322087522416,5490.61358622619
"SLE","global-estimate","admin2",0.001,262.934677523354,536.796416355313,938.667447666022
"SLE","no-estimate","admin1",1e-04,899.330746851822,1496.15475371884,2021.42765655826
"SLE","no-estimate","admin1",2e-04,835.965218812408,1430.29571793011,1935.72885823383
"SLE","no-estimate","admin1",0.001,422.331184871244,849.890788671518,1248.98516796194
"SLE","no-estimate","admin2",1e-04,781.80058709627,1336.44461918128,1782.33804009415
"SLE","no-estimate","admin2",2e-04,712.498018330049,1231.25184962385,1633.98607037571
"SLE","no-estimate","admin2",0.001,408.429151151227,728.143008683662,1082.94260735961
"SOM","district-estimate","admin1",1e-04,1028.76405709664,1349.78223166313,1842.08520159965
"SOM","district-estimate","admin1",2e-04,911.862293336898,1219.10312217116,1619.76727417761
"SOM","district-estimate","admin1",0.001,446.396306442334,645.207514875095,1084.03878743846
"SOM","district-estimate","admin2",1e-04,759.91707695925,972.432755891408,1293.63831567669
"SOM","district-estimate","admin2",2e-04,668.896297837223,862.328109934873,1140.938687069
"SOM","district-estimate","admin2",0.001,388.811356637853,528.349327688248,727.330858358083
"SOM","global-estimate","admin1",1e-04,1020.87843278961,1329.50290740625,1699.30442152897
"SOM","global-estimate","admin1",2e-04,681.564866611921,1035.19263703626,2181.07915568161
"SOM","global-estimate","admin1",0.001,406.607004461529,642.177261785584,1305.63223926362
"SOM","global-estimate","admin2",1e-04,769.405614878646,950.138247738692,1229.16333577591
"SOM","global-estimate","admin2",2e-04,441.138205780931,667.5892949846,1426.05597330219
"SOM","global-estimate","admin2",0.001,397.809044341332,515.271107654976,774.85382570911
"SOM","no-estimate","admin1",1e-04,1079.86499762982,1416.21746415672,1870.10591593486
"SOM","no-estimate","admin1",2e-04,1030.52883115662,1354.33050219184,1839.07001498632
"SOM","no-estimate","admin1",0.001,676.747658568487,929.339781205407,1349.04523199774
"SOM","no-estimate","admin2",1e-04,851.059995472789,1099.16875952299,1447.03917084738
"SOM","no-estimate","admin2",2e-04,766.386704044349,963.85040625995,1317.60148070566
"SOM","no-estimate","admin2",0.001,492.898723351933,654.225371795371,896.47385905409
"SSD","district-estimate","admin1",1e-04,682.587584261983,1601.14295518294,3628.33054170804
"SSD","district-estimate","admin1",2e-04,524.28367474984,1316.73957307074,3259.65896784551
"SSD","district-estimate","admin1",0.001,501.938395548415,1270.15447197007,886046.354730385
"SSD","district-estimate","admin2",1e-04,398.604338826566,799.959552654416,1936.95347647047
"SSD","district-estimate","admin2",2e-04,305.429428815401,668.817227287986,1720.89031751966
"SSD","district-estimate","admin2",0.001,168.927951487768,365.943142694835,1341.46161520375
"SSD","global-estimate","admin1",1e-04,655.616282000221,1505.91022253114,3114.74295830676
"SSD","global-estimate","admin1",2e-04,348.258717933011,1099.73714615812,28668873.6334162
"SSD","global-estimate","admin1",0.001,504.576383369988,417475.563060235,1011863.08150246
"SSD","global-estimate","admin2",1e-04,428.114044977089,728.554133012223,1812.71320809851
"SSD","global-estimate","admin2",2e-04,154.178600103449,530.254007606977,16323992.1861204
"SSD","global-estimate","admin2",0.001,168.771889694807,341.594890120161,1403.83954922572
"SSD","no-estimate","admin1",1e-04,872.142378298034,1889.04589584274,4419.32526620007
"SSD","no-estimate","admin1",2e-04,568.35613351009,1555.25781886689,3758.04733436683
"SSD","no-estimate","admin1",0.001,482.286605726589,1206.40342950538,3198.8902671574
"SSD","no-estimate","admin2",1e-04,466.933540392977,990.734038573029,2577.87863117771
"SSD","no-estimate","admin2",2e-04,391.430467802296,779.154449562443,1889.99392798071
"SSD","no-estimate","admin2",0.001,162.729623893073,437.734043109458,1225.63756407089
"TCD","district-estimate","admin1",1e-04,940.701254726108,1302.72089133852,1937.11722720874
"TCD","district-estimate","admin1",2e-04,715.420796925179,1025.64602089042,1608.65193513502
"TCD","district-estimate","admin1",0.001,206.154450607673,389.82570651002,813.444748798102
"TCD","district-estimate","admin2",1e-04,755.002592405434,1053.54311170966,1592.90972066087
"TCD","district-estimate","admin2",2e-04,493.883805166724,747.85689268598,1179.23638011042
"TCD","district-estimate","admin2",0.001,122.387541323481,243.887688435062,462.852558855223
"TCD","global-estimate","admin1",1e-04,946.079212008069,1226.62453718277,1779.21131156781
"TCD","global-estimate","admin1",2e-04,457.193370796079,860.114203544185,11595.1568229415
"TCD","global-estimate","admin1",0.001,211.793912624617,345.902148751213,760.250482026871
"TCD","global-estimate","admin2",1e-04,779.241360827623,999.749543041814,1212.51534518837
"TCD","global-estimate","admin2",2e-04,262.774147660853,557.699771093321,4725.1743304849
"TCD","global-estimate","admin2",0.001,134.624240143207,210.122583938754,371.651188662481
"TCD","no-estimate","admin1",1e-04,1076.27823799411,1482.22805576802,2227.82352412925
"TCD","no-estimate","admin1",2e-04,941.345948351768,1299.10915238299,2046.2717227422
"TCD","no-estimate","admin1",0.001,334.377209628094,594.118758700984,1031.74352227678
"TCD","no-estimate","admin2",1e-04,941.932848896285,1306.12821283364,2049.10141413194
"TCD","no-estimate","admin2",2e-04,773.715115467037,1046.83122013708,1644.04626372168
"TCD","no-estimate","admin2",0.001,264.460688549421,412.351651105119,706.600199969103
"TGO","district-estimate","admin1",1e-04,5313.79208786804,7052.3370509928,11667.4444321134
"TGO","district-estimate","admin1",2e-04,5313.79208786804,7052.3370509928,11667.4444321134
"TGO","district-estimate","admin1",0.001,5313.79208786804,7052.3370509928,11667.4444321134
"TGO","district-estimate","admin2",1e-04,5453.31334294632,7010.91673180922,11227.1149249837
"TGO","district-estimate","admin2",2e-04,5453.31334294632,6989.19950512497,11207.5406821169
"TGO","district-estimate","admin2",0.001,5453.31334294632,6989.19950512497,11207.5406821169
"TGO","global-estimate","admin1",1e-04,5196.00705598516,6890.59648056605,11405.9317848182
"TGO","global-estimate","admin1",2e-04,13.0625385508091,136.244102108193,9482.30246269848
"TGO","global-estimate","admin1",0.001,5191.51721472051,6890.05678032272,11398.9666173434
"TGO","global-estimate","admin2",1e-04,5327.05261902566,6827.8108318334,10932.401998536
"TGO","global-estimate","admin2",2e-04,8.18470082152687,125.692877704321,13256.8280077941
"TGO","global-estimate","admin2",0.001,5327.82796711371,6828.37208305795,10949.6456435943
"TGO","no-estimate","admin1",1e-04,0,0,0
"TGO","no-estimate","admin1",2e-04,0,0,0
"TGO","no-estimate","admin1",0.001,0,0,0
"TGO","no-estimate","admin2",1e-04,0,0,29618.6426191133
"TGO","no-estimate","admin2",2e-04,0,0,0
"TGO","no-estimate","admin2",0.001,0,0,0
"TZA","district-estimate","admin1",1e-04,5930.26154750726,7190.65008503062,8839.63085350785
"TZA","district-estimate","admin1",2e-04,3768.02744090084,5617.02708741914,711054.540377355
"TZA","district-estimate","admin1",0.001,676118.057978779,729866.677659086,788667.523033276
"TZA","district-estimate","admin2",1e-04,3596.7037118398,4157.77447705973,4905.75263401642
"TZA","district-estimate","admin2",2e-04,2232.44610204992,2773.09464059976,3360.1715754493
"TZA","district-estimate","admin2",0.001,588.69069062487,1018.77585970632,2873.25735602325
"TZA","global-estimate","admin1",1e-04,5761.32068127346,7047.1800198285,8673.87551742905
"TZA","global-estimate","admin1",2e-04,34.2334198624327,707.659057402539,17068411.7105774
"TZA","global-estimate","admin1",0.001,660560.006702956,713071.824953213,770519.612889286
"TZA","global-estimate","admin2",1e-04,3293.11886844071,3786.83903204726,4370.05063356724
"TZA","global-estimate","admin2",2e-04,713.178924057257,1673.39867649173,7033.11027421044
"TZA","global-estimate","admin2",0.001,644.423698589592,1225.03824715416,4198.43740395448
"TZA","no-estimate","admin1",1e-04,7162.5152528329,8498.11758631108,9954.2179705426
"TZA","no-estimate","admin1",2e-04,6082.45442342852,7481.14713969579,9122.44446150686
"TZA","no-estimate","admin1",0.001,0,0,0
"TZA","no-estimate","admin2",1e-04,4933.69452644539,5653.68744803553,6561.33750335689
"TZA","no-estimate","admin2",2e-04,3519.04473826709,4266.61977966041,5013.84566138493
"TZA","no-estimate","admin2",0.001,653.460982709048,1181.07085996163,2085.07478397412
"UGA","district-estimate","admin1",1e-04,2609.94198047621,4296.5470046088,7711.87594850798
"UGA","district-estimate","admin1",2e-04,1447.12021902155,3042.53384427827,5141.26516809087
"UGA","district-estimate","admin1",0.001,95262.7261833112,103684.235735786,109792.165079381
"UGA","district-estimate","admin2",1e-04,2726.69392601341,4265.0025873981,5778.00516510099
"UGA","district-estimate","admin2",2e-04,795.613779907797,2277.64983101976,4454.68013349133
"UGA","district-estimate","admin2",0.001,585.651988109653,2465.38852521784,150649.606220173
"UGA","global-estimate","admin1",1e-04,2541.12910007703,3968.99827953436,6638.89459363468
"UGA","global-estimate","admin1",2e-04,490.796716863194,1431.33515613763,2598361.983898
"UGA","global-estimate","admin1",0.001,93119.5147205249,101318.099377862,107265.754027597
"UGA","global-estimate","admin2",1e-04,2998.6184535279,4509.78275779076,6297.91305880581
"UGA","global-estimate","admin2",2e-04,202.696842532678,1187.64945074545,3389022.10312714
"UGA","global-estimate","admin2",0.001,595.13715373948,98005.6477341946,148843.764878897
"UGA","no-estimate","admin1",1e-04,5516.81690046604,7430.10994021051,9945.90227648501
"UGA","no-estimate","admin1",2e-04,2569.27074055583,3983.76936248216,6468.22983865102
"UGA","no-estimate","admin1",0.001,0,0,3523.26439471039
"UGA","no-estimate","admin2",1e-04,3901.26560386459,5675.64464839684,7376.65490058082
"UGA","no-estimate","admin2",2e-04,2981.80872466133,4415.70679337269,6056.68792097586
"UGA","no-estimate","admin2",0.001,448.893254976518,1343.51526620898,2951.49098717722
"ZAF","district-estimate","admin1",1e-04,2252.49165471112,3325.37209320181,5297.50255401901
"ZAF","district-estimate","admin1",2e-04,2252.49165471112,3325.37209320181,5297.50255401901
"ZAF","district-estimate","admin1",0.001,2252.49165471112,3325.37209320181,5297.50255401901
"ZAF","district-estimate","admin2",1e-04,2271.20549595309,3275.15252522534,5143.4246173631
"ZAF","district-estimate","admin2",2e-04,2271.20549595309,3275.15252522534,5143.4246173631
"ZAF","district-estimate","admin2",0.001,2271.20549595309,3275.15252522534,5143.4246173631
"ZAF","global-estimate","admin1",1e-04,2203.38901879641,3251.72950808969,5177.78559027192
"ZAF","global-estimate","admin1",2e-04,32.1269162065637,111.663339587915,4686.62132346225
"ZAF","global-estimate","admin1",0.001,2200.65990691382,3248.85245446907,5175.60251689293
"ZAF","global-estimate","admin2",1e-04,2218.36824422901,3198.89938689905,5023.53435980928
"ZAF","global-estimate","admin2",2e-04,25.6842673461722,113.809372244511,5319.43760681656
"ZAF","global-estimate","admin2",0.001,2218.94312676035,3199.78848144292,5025.07004453971
"ZAF","no-estimate","admin1",1e-04,0,0,0
"ZAF","no-estimate","admin1",2e-04,0,0,0
"ZAF","no-estimate","admin1",0.001,0,0,0
"ZAF","no-estimate","admin2",1e-04,0,0,0
"ZAF","no-estimate","admin2",2e-04,0,0,0
"ZAF","no-estimate","admin2",0.001,0,0,0
"ZMB","district-estimate","admin1",1e-04,4089.5145379744,6254.40053497712,12455.0632004915
"ZMB","district-estimate","admin1",2e-04,3970.7527045948,6607.08134989098,164949.865470784
"ZMB","district-estimate","admin1",0.001,112117.364292593,142965.938187594,202031.677551255
"ZMB","district-estimate","admin2",1e-04,3199.16746131864,5043.5031177298,8225.98884145968
"ZMB","district-estimate","admin2",2e-04,1589.19754341824,3958.86900554561,8245.2784151426
"ZMB","district-estimate","admin2",0.001,1363.23628464361,141027.044959451,164438.534970273
"ZMB","global-estimate","admin1",1e-04,4041.43857635122,6368.61134459734,117403.009150094
"ZMB","global-estimate","admin1",2e-04,8.88202344003954,211.351434070109,10355926.2397375
"ZMB","global-estimate","admin1",0.001,109537.448430283,139676.170415871,197382.756905533
"ZMB","global-estimate","admin2",1e-04,3279.04810667054,4947.78827084862,8575.43990098762
"ZMB","global-estimate","admin2",2e-04,16.1109042949498,888.229318029606,17008386.4778309
"ZMB","global-estimate","admin2",0.001,127882.236967887,138841.725144216,168645.800080946
"ZMB","no-estimate","admin1",1e-04,5161.65241748905,8149.7786874532,13213.6160304576
"ZMB","no-estimate","admin1",2e-04,4173.05210205308,6323.8913110001,12397.3201850288
"ZMB","no-estimate","admin1",0.001,0,0,0
"ZMB","no-estimate","admin2",1e-04,4019.07388272801,5953.75645873366,9439.54921562169
"ZMB","no-estimate","admin2",2e-04,3271.15783876989,5124.30177096377,8779.80035783147
"ZMB","no-estimate","admin2",0.001,0,1230.04357274585,5144.06540084584
"ZWE","district-estimate","admin1",1e-04,12493.5289902148,30208.5877654307,35210.7101131015
"ZWE","district-estimate","admin1",2e-04,27507.4387974043,30557.5200453871,35210.7101131015
"ZWE","district-estimate","admin1",0.001,27507.4387974043,30557.5200453871,35210.7101131015
"ZWE","district-estimate","admin2",1e-04,3029.246781792,5585.54173898607,11153.2120499712
"ZWE","district-estimate","admin2",2e-04,3090.59493768176,5163.75315885873,33399.9724080163
"ZWE","district-estimate","admin2",0.001,27491.2638467836,30535.5799771175,34848.1536038471
"ZWE","global-estimate","admin1",1e-04,26815.5342183152,29796.7190130711,34346.6214607744
"ZWE","global-estimate","admin1",2e-04,15.5642652454652,81.4917029912468,34470.8377938745
"ZWE","global-estimate","admin1",0.001,26874.4692468558,29854.3655324766,34400.4817410988
"ZWE","global-estimate","admin2",1e-04,3106.76493643876,5256.1579043225,11424.7540446751
"ZWE","global-estimate","admin2",2e-04,8.85663957902869,416.061167289088,2521996.68324749
"ZWE","global-estimate","admin2",0.001,26858.666495599,29832.9303238289,34046.2679653283
"ZWE","no-estimate","admin1",1e-04,11946.1956895819,16800.5125284953,26268.9446490969
"ZWE","no-estimate","admin1",2e-04,0,0,0
"ZWE","no-estimate","admin1",0.001,0,0,0
"ZWE","no-estimate","admin2",1e-04,5882.16446702546,9010.07957018214,15217.1676185743
"ZWE","no-estimate","admin2",2e-04,3086.9593491793,5329.32642376501,10773.522688435
"ZWE","no-estimate","admin2",0.001,0,0,0
