"ISO","confirmation_lens","admin_level","threshold","total_cost_lb","total_cost_median","total_cost_ub"
"AGO","district-estimate","admin1",1e-04,17493285.0201468,29842533.9911636,54617869.8126275
"AGO","district-estimate","admin1",2e-04,7708722.46293449,15688093.425301,34101582.9449932
"AGO","district-estimate","admin1",0.001,163484.761553084,218359.7891634,3835791.1506567
"AGO","district-estimate","admin2",1e-04,16110930.3285549,24397950.1806634,36161271.5597012
"AGO","district-estimate","admin2",2e-04,9116521.60074208,15734151.3903001,23724580.4779503
"AGO","district-estimate","admin2",0.001,486259.829970268,2258991.64689791,5068267.35902691
"AGO","global-estimate","admin1",1e-04,14657102.1443095,25646882.529373,42426499.0159435
"AGO","global-estimate","admin1",2e-04,160986.391731023,11833859.063125,18188689.312415
"AGO","global-estimate","admin1",0.001,159722.838212858,212810.742026805,237427.140392772
"AGO","global-estimate","admin2",1e-04,15331758.0177275,22417811.6256598,28821580.2746402
"AGO","global-estimate","admin2",2e-04,4554277.73188765,11006936.3227924,19125779.8572817
"AGO","global-estimate","admin2",0.001,185826.993432146,1335427.91176362,3836719.58508375
"AGO","no-estimate","admin1",1e-04,19767221.3654551,59595041.4821646,66402023.7219458
"AGO","no-estimate","admin1",2e-04,17374552.6053897,29797877.7589177,45588569.0702773
"AGO","no-estimate","admin1",0.001,0,3637937.74988776,8165021.35235533
"AGO","no-estimate","admin2",1e-04,22424243.6120208,31244479.5676895,45552153.9278821
"AGO","no-estimate","admin2",2e-04,16107939.7524413,24340204.0821526,31935727.5495332
"AGO","no-estimate","admin2",0.001,1810863.28280105,7816715.68390992,10817336.3883996
"BDI","district-estimate","admin1",1e-04,57050.7720013184,6639805.7432317,13976275.4585782
"BDI","district-estimate","admin1",2e-04,49324.9868358168,52370.4740280054,1986034.9913193
"BDI","district-estimate","admin1",0.001,49324.9868358168,52175.1856805079,55666.2383345971
"BDI","district-estimate","admin2",1e-04,7868789.43757279,9877044.17055456,11277551.4537884
"BDI","district-estimate","admin2",2e-04,2682278.56144643,4875032.95062716,7172561.96315656
"BDI","district-estimate","admin2",0.001,46409.8515505943,48678.5211794275,51192.8202802576
"BDI","global-estimate","admin1",1e-04,51313.6870665191,4288763.54484818,7224339.06750757
"BDI","global-estimate","admin1",2e-04,47526.3487269885,51568.7075109138,60012.5679584381
"BDI","global-estimate","admin1",0.001,48189.9769580079,50974.5903043548,54385.3108691619
"BDI","global-estimate","admin2",1e-04,7540425.03208529,8700066.67266056,9835334.62741376
"BDI","global-estimate","admin2",2e-04,831803.428882619,3084647.96724176,5437224.0196924
"BDI","global-estimate","admin2",0.001,45341.921413828,47558.3870259266,50014.8299670641
"BDI","no-estimate","admin1",1e-04,23535803.4980549,26812003.9909679,33789967.1970954
"BDI","no-estimate","admin1",2e-04,3994427.08599513,6931450.00955151,10763417.8512575
"BDI","no-estimate","admin1",0.001,0,0,0
"BDI","no-estimate","admin2",1e-04,12930129.6735007,13888085.3286865,15009827.8466956
"BDI","no-estimate","admin2",2e-04,8512341.74196113,9441637.45482101,10460644.3480897
"BDI","no-estimate","admin2",0.001,0,0,330552.0172284
"BEN","district-estimate","admin1",1e-04,28566.5606962401,35199.5710284693,41249.6970130303
"BEN","district-estimate","admin1",2e-04,28566.5606962401,35199.5710284693,41175.4576145587
"BEN","district-estimate","admin1",0.001,28566.5606962401,35199.5710284693,41175.4576145587
"BEN","district-estimate","admin2",1e-04,1141257.52409424,2372949.7585145,5093886.56917788
"BEN","district-estimate","admin2",2e-04,29620.7249845188,1156019.50379318,2033446.43983363
"BEN","district-estimate","admin2",0.001,29556.3499303726,35334.7027058891,39986.3143932265
"BEN","global-estimate","admin1",1e-04,27905.576348547,34375.2234735645,40225.1770283563
"BEN","global-estimate","admin1",2e-04,27729.4507310527,33932.0928547645,41173.4037756165
"BEN","global-estimate","admin1",0.001,27909.2198504496,34389.5989762732,40227.9753319706
"BEN","global-estimate","admin2",1e-04,795892.285065107,2012389.47406532,2941021.73066246
"BEN","global-estimate","admin2",2e-04,21464.8389915249,762055.703823184,1714243.49486686
"BEN","global-estimate","admin2",0.001,28876.2331928941,34521.6211589214,39066.1953070409
"BEN","no-estimate","admin1",1e-04,0,6881807.25320491,16298317.9004939
"BEN","no-estimate","admin1",2e-04,0,0,0
"BEN","no-estimate","admin1",0.001,0,0,0
"BEN","no-estimate","admin2",1e-04,11197631.9859988,13813101.9391241,16674050.0445997
"BEN","no-estimate","admin2",2e-04,1520320.85315047,2337914.95364963,3568599.03113846
"BEN","no-estimate","admin2",0.001,0,0,778219.998525125
"BFA","district-estimate","admin1",1e-04,3289.29431340233,4496.72553221428,6328.746830304
"BFA","district-estimate","admin1",2e-04,3289.29431340233,4496.72553221428,6328.746830304
"BFA","district-estimate","admin1",0.001,3289.29431340233,4496.72553221428,6328.746830304
"BFA","district-estimate","admin2",1e-04,3287.14520236777,4510.07389271433,6342.70631095794
"BFA","district-estimate","admin2",2e-04,3287.14520236777,4510.07389271433,6246.73534404671
"BFA","district-estimate","admin2",0.001,3287.14520236777,4510.07389271433,6246.73534404671
"BFA","global-estimate","admin1",1e-04,3214.3883940286,4395.46263065088,6190.70885464758
"BFA","global-estimate","admin1",2e-04,3169.10648181294,4404.80717002612,6327.26234315318
"BFA","global-estimate","admin1",0.001,3213.60485505216,4393.2520550931,6183.11698572934
"BFA","global-estimate","admin2",1e-04,3211.30721746436,4405.86087876273,6102.3602228418
"BFA","global-estimate","admin2",2e-04,2248.8425337245,4366.72157449921,8599.37805527766
"BFA","global-estimate","admin2",0.001,3211.50519688944,4406.29325847072,6102.99265348803
"BFA","no-estimate","admin1",1e-04,0,0,0
"BFA","no-estimate","admin1",2e-04,0,0,0
"BFA","no-estimate","admin1",0.001,0,0,0
"BFA","no-estimate","admin2",1e-04,0,0,2578898.15485652
"BFA","no-estimate","admin2",2e-04,0,0,0
"BFA","no-estimate","admin2",0.001,0,0,0
"CAF","district-estimate","admin1",1e-04,3429.80574005032,6097.23163248255,3140782.325742
"CAF","district-estimate","admin1",2e-04,3429.80574005032,6097.23163248255,2112104.87352478
"CAF","district-estimate","admin1",0.001,3429.80574005032,6097.23163248255,12472.8613730969
"CAF","district-estimate","admin2",1e-04,189370.667618514,299117.49362357,2088603.57985421
"CAF","district-estimate","admin2",2e-04,6025.20814628917,201295.470203832,1494343.3103297
"CAF","district-estimate","admin2",0.001,3505.4773421642,6145.22874962995,202842.654916724
"CAF","global-estimate","admin1",1e-04,3352.85940068236,5960.93836004605,2135174.41120578
"CAF","global-estimate","admin1",2e-04,3289.13551620026,6001.37189073219,2114004.05726805
"CAF","global-estimate","admin1",0.001,3350.88299432551,5956.92914941871,12185.8502298375
"CAF","global-estimate","admin2",1e-04,189072.469466228,298951.579938042,2075207.40590506
"CAF","global-estimate","admin2",2e-04,2129.35103818664,190831.926767285,1443152.01696416
"CAF","global-estimate","admin2",0.001,3424.81332854702,5942.0790085836,93800.9794201147
"CAF","no-estimate","admin1",1e-04,0,0,3109424.64384357
"CAF","no-estimate","admin1",2e-04,0,0,2037465.98386449
"CAF","no-estimate","admin1",0.001,0,0,0
"CAF","no-estimate","admin2",1e-04,292889.970664587,292889.970664587,2511821.34650261
"CAF","no-estimate","admin2",2e-04,290212.297138177,292889.970664587,2082138.901691
"CAF","no-estimate","admin2",0.001,0,0,197357.30031648
"CIV","district-estimate","admin1",1e-04,26794.2172261248,2755717.77491819,4299323.22319835
"CIV","district-estimate","admin1",2e-04,26631.056143711,30839.7083946311,2938716.1545795
"CIV","district-estimate","admin1",0.001,26631.056143711,30495.3271856799,33254.4831496172
"CIV","district-estimate","admin2",1e-04,26705.3705381123,3732107.21648546,6851460.29697072
"CIV","district-estimate","admin2",2e-04,26702.4047435001,30843.7893474563,2938991.1345739
"CIV","district-estimate","admin2",0.001,26702.4047435001,30504.0527075027,33129.7005298686
"CIV","global-estimate","admin1",1e-04,26299.5962069872,2756219.97824879,2940067.98761264
"CIV","global-estimate","admin1",2e-04,26365.2588127905,29809.2638051296,33764.2657293067
"CIV","global-estimate","admin1",0.001,26018.2529030288,29793.6037833408,32489.2692230148
"CIV","global-estimate","admin2",1e-04,26018.5521991023,2900177.54047209,6851394.81111498
"CIV","global-estimate","admin2",2e-04,17345.0583995824,30411.1589101363,2938782.3197605
"CIV","global-estimate","admin2",0.001,26087.959710884,29802.1285234889,32367.3579574232
"CIV","no-estimate","admin1",1e-04,4200410.86235764,7910500.87969389,11423543.0122723
"CIV","no-estimate","admin1",2e-04,0,2727979.63744171,2873053.9595855
"CIV","no-estimate","admin1",0.001,0,0,0
"CIV","no-estimate","admin2",1e-04,7227778.14912697,10127366.2242798,15005437.5490685
"CIV","no-estimate","admin2",2e-04,0,2873053.9595855,6777106.87693263
"CIV","no-estimate","admin2",0.001,0,0,0
"CMR","district-estimate","admin1",1e-04,122796764.928367,156649026.068959,193302900.426986
"CMR","district-estimate","admin1",2e-04,72779537.7106276,88902401.0482973,119245264.872032
"CMR","district-estimate","admin1",0.001,748288.095083171,927349.473567617,21996346.6061021
"CMR","district-estimate","admin2",1e-04,92763601.5942631,120674002.300278,141576741.435457
"CMR","district-estimate","admin2",2e-04,56943852.3192661,67473073.6532685,82024053.8515468
"CMR","district-estimate","admin2",0.001,772916.645869691,13871119.7839743,22874148.9137005
"CMR","global-estimate","admin1",1e-04,95626117.5579494,139104116.930699,187228117.192508
"CMR","global-estimate","admin1",2e-04,37327617.1426134,74343493.1394896,95950666.7563111
"CMR","global-estimate","admin1",0.001,731069.349902494,883221.266301492,1038343.72054425
"CMR","global-estimate","admin2",1e-04,77144988.4768424,106506052.34865,126777921.59863
"CMR","global-estimate","admin2",2e-04,27327581.8784137,51635239.6004778,71544193.2575874
"CMR","global-estimate","admin2",0.001,740008.633260628,5939649.2187815,20979553.6006268
"CMR","no-estimate","admin1",1e-04,180185624.770644,210062467.025372,231582634.502997
"CMR","no-estimate","admin1",2e-04,136948007.67504,155280735.408465,197642804.802322
"CMR","no-estimate","admin1",0.001,5852714.48084881,25825929.6607227,33020576.0240226
"CMR","no-estimate","admin2",1e-04,159846534.430111,167805558.003315,173566962.199037
"CMR","no-estimate","admin2",2e-04,112917308.895034,122976736.069101,130613453.791357
"CMR","no-estimate","admin2",0.001,20878243.0225421,31339052.664796,40006160.239736
"COD","district-estimate","admin1",1e-04,360115937.854774,404533627.537108,452824465.862144
"COD","district-estimate","admin1",2e-04,199454389.645189,263745463.479388,326950721.345444
"COD","district-estimate","admin1",0.001,2031163.48296732,2249678.07046199,34221247.3918283
"COD","district-estimate","admin2",1e-04,201327766.513582,221011222.767833,245989402.101811
"COD","district-estimate","admin2",2e-04,122918160.748997,141568684.375532,158610817.699674
"COD","district-estimate","admin2",0.001,19889330.1216472,31498007.23862,45232187.554705
"COD","global-estimate","admin1",1e-04,328951286.506086,388494091.585623,413082014.1868
"COD","global-estimate","admin1",2e-04,87020054.8997448,186865233.018799,259608792.261835
"COD","global-estimate","admin1",0.001,1983990.47363318,2189102.5323595,16621370.4772148
"COD","global-estimate","admin2",1e-04,166639691.192039,195637962.298883,224628597.175786
"COD","global-estimate","admin2",2e-04,73321649.3562322,107747058.299898,139309356.638704
"COD","global-estimate","admin2",0.001,14480409.2382343,26038818.429662,36443388.7283656
"COD","no-estimate","admin1",1e-04,455240011.206128,482626282.749623,501024834.288398
"COD","no-estimate","admin1",2e-04,386731417.520155,393548499.717343,432289905.833606
"COD","no-estimate","admin1",0.001,32914033.3292343,53635725.2172985,84790742.8111046
"COD","no-estimate","admin2",1e-04,266575630.313035,290133619.089121,310509480.791672
"COD","no-estimate","admin2",2e-04,208352159.563384,225018534.228279,244037463.169142
"COD","no-estimate","admin2",0.001,53006383.4480157,58013216.3490381,75972207.6636608
"COG","district-estimate","admin1",1e-04,14590706.2151987,20299544.2524181,22420471.816654
"COG","district-estimate","admin1",2e-04,3826954.6585983,14664444.430774,20487251.989888
"COG","district-estimate","admin1",0.001,64298.4491655372,97368.5213976229,5128639.66484052
"COG","district-estimate","admin2",1e-04,8326070.69021459,13354805.3210581,21088566.5849571
"COG","district-estimate","admin2",2e-04,3182461.2167112,9439033.72424432,19477738.3834938
"COG","district-estimate","admin2",0.001,69872.1020622113,1562741.20540433,4851996.96940267
"COG","global-estimate","admin1",1e-04,14584824.8527595,20280719.2584118,20523059.9287
"COG","global-estimate","admin1",2e-04,73743.7765274991,11404302.5124033,18498729.7569985
"COG","global-estimate","admin1",0.001,62818.887190719,95127.9889481808,209708.643596916
"COG","global-estimate","admin2",1e-04,9431682.32015097,11312324.0988222,21088621.0933848
"COG","global-estimate","admin2",2e-04,2337598.90698481,6899576.0514761,17034596.7812768
"COG","global-estimate","admin2",0.001,67062.1359376571,1616939.16205327,2490853.44695272
"COG","no-estimate","admin1",1e-04,22141348.1941999,22141348.1941999,22141348.1941999
"COG","no-estimate","admin1",2e-04,14540828.2700654,20189861.4041037,20466072.4951042
"COG","no-estimate","admin1",0.001,0,0,10199374.3261186
"COG","no-estimate","admin2",1e-04,13307835.3948022,13625078.0139865,20915781.131585
"COG","no-estimate","admin2",2e-04,11219011.141127,13396027.4451298,20959444.3667777
"COG","no-estimate","admin2",0.001,1473887.9770972,2295664.9816971,9298741.27057205
"ETH","district-estimate","admin1",1e-04,469919.72733048,44579378.9808393,69942824.6553289
"ETH","district-estimate","admin1",2e-04,457231.036462443,521144.324662633,47346827.3021284
"ETH","district-estimate","admin1",0.001,457231.036462443,503547.24063681,565399.272984524
"ETH","district-estimate","admin2",1e-04,33306445.4599463,74209730.150586,106301023.717365
"ETH","district-estimate","admin2",2e-04,12527329.0635853,40367474.6384012,65750355.8039405
"ETH","district-estimate","admin2",0.001,460602.90483791,513344.043140314,8732779.46864954
"ETH","global-estimate","admin1",1e-04,459435.402219199,44560354.2190647,47327416.4374128
"ETH","global-estimate","admin1",2e-04,433813.043376224,492753.534437663,21967005.1527052
"ETH","global-estimate","admin1",0.001,446709.761625552,491960.190568888,552388.955072439
"ETH","global-estimate","admin2",1e-04,24064197.3321781,64707238.8956836,97211367.2888029
"ETH","global-estimate","admin2",2e-04,1130180.26618926,21854058.984726,59724277.023581
"ETH","global-estimate","admin2",0.001,448584.897619073,492426.27386673,8278261.13288232
"ETH","no-estimate","admin1",1e-04,68356273.2102386,149883507.781261,246528055.758044
"ETH","no-estimate","admin1",2e-04,0,44105231.9037975,46308407.008859
"ETH","no-estimate","admin1",0.001,0,0,0
"ETH","no-estimate","admin2",1e-04,92934849.725718,123887094.719691,160594704.665108
"ETH","no-estimate","admin2",2e-04,41058467.0037374,71132263.2740076,101373495.827753
"ETH","no-estimate","admin2",0.001,0,7820133.43115155,13871003.3615103
"GHA","district-estimate","admin1",1e-04,115035008.316078,142112525.271911,161179827.907241
"GHA","district-estimate","admin1",2e-04,48724670.0338195,74757005.0647697,94343526.0342964
"GHA","district-estimate","admin1",0.001,648202.981275555,738643.775422982,835089.709517661
"GHA","district-estimate","admin2",1e-04,91852656.2749036,100076674.375228,107781854.374916
"GHA","district-estimate","admin2",2e-04,52487223.7472306,66847686.6690031,76917100.4476955
"GHA","district-estimate","admin2",0.001,4503780.57850293,7400682.0738754,11585350.4616204
"GHA","global-estimate","admin1",1e-04,94018613.3198554,115067844.601865,152908104.872882
"GHA","global-estimate","admin1",2e-04,48672064.8698808,49525863.523991,74762071.5465567
"GHA","global-estimate","admin1",0.001,633287.279645023,721646.954236233,815873.585399593
"GHA","global-estimate","admin2",1e-04,83054269.2521718,89154989.3755347,99165408.6374395
"GHA","global-estimate","admin2",2e-04,24046301.6056381,45851692.6505043,64558343.342143
"GHA","global-estimate","admin2",0.001,4128344.75088709,4924615.09692977,5455899.26915725
"GHA","no-estimate","admin1",1e-04,167131557.060016,188614381.064809,199362685.198913
"GHA","no-estimate","admin1",2e-04,123315970.475434,141598612.615014,152884887.472851
"GHA","no-estimate","admin1",0.001,0,13853812.2673619,31909065.882356
"GHA","no-estimate","admin2",1e-04,124109776.026672,127319876.711701,130192138.327859
"GHA","no-estimate","admin2",2e-04,96196646.4357094,100552129.933702,105144269.474431
"GHA","no-estimate","admin2",0.001,20595418.9953184,21321751.4486185,22008595.2668565
"GIN","district-estimate","admin1",1e-04,23401636.9825771,38231684.5967039,51622026.1076845
"GIN","district-estimate","admin1",2e-04,12376276.1801637,26611449.7514928,35576450.5691398
"GIN","district-estimate","admin1",0.001,157622.162927168,201424.25899355,216904.618635544
"GIN","district-estimate","admin2",1e-04,27027807.3184296,34284933.5085268,37160049.5975854
"GIN","district-estimate","admin2",2e-04,13187512.4935646,24119270.3959632,32244167.4688238
"GIN","district-estimate","admin2",0.001,153805.222539428,196436.191872706,208472.550883572
"GIN","global-estimate","admin1",1e-04,19235746.2151407,34172964.057831,43225829.6938129
"GIN","global-estimate","admin1",2e-04,6032219.76749477,12580208.7003792,28353642.3387083
"GIN","global-estimate","admin1",0.001,153995.142965065,196789.315565202,211913.458972123
"GIN","global-estimate","admin2",1e-04,22005543.5922119,33301420.9823607,36897083.4809543
"GIN","global-estimate","admin2",2e-04,872805.009960162,18116694.1787817,30124849.0259273
"GIN","global-estimate","admin2",0.001,150266.033620393,191916.028109118,203675.420267147
"GIN","no-estimate","admin1",1e-04,42497289.9333855,50694768.7580455,55667853.5645404
"GIN","no-estimate","admin1",2e-04,26469493.2963477,34047023.0060817,46754641.2925975
"GIN","no-estimate","admin1",0.001,0,0,0
"GIN","no-estimate","admin2",1e-04,36738962.0071639,40881643.8997742,44663593.6111548
"GIN","no-estimate","admin2",2e-04,30185456.949433,34563398.5052256,36849820.1382912
"GIN","no-estimate","admin2",0.001,0,0,3009643.895338
"GNB","district-estimate","admin1",1e-04,4840674.46796399,6957897.04477547,9172822.64822952
"GNB","district-estimate","admin1",2e-04,1483920.00957597,4850594.11198523,5037338.95448517
"GNB","district-estimate","admin1",0.001,39209.2906969349,189681.661292212,267443.945347242
"GNB","district-estimate","admin2",1e-04,5031499.10488359,7020375.17992573,7759480.96437692
"GNB","district-estimate","admin2",2e-04,1364415.84921955,4347708.30298281,5208103.44303537
"GNB","district-estimate","admin2",0.001,102910.744934546,426823.423036032,493320.056571485
"GNB","global-estimate","admin1",1e-04,4838260.10630283,5351251.23848202,7883678.01906857
"GNB","global-estimate","admin1",2e-04,1479057.35987622,3503468.29350458,5033995.92758393
"GNB","global-estimate","admin1",0.001,38167.3090642019,262021.006839459,267511.795446285
"GNB","global-estimate","admin2",1e-04,4517174.35563412,5566787.41470684,7872111.61568878
"GNB","global-estimate","admin2",2e-04,597072.818240827,2457061.30960751,4992561.14091497
"GNB","global-estimate","admin2",0.001,100676.050546152,440228.589719946,464416.435021305
"GNB","no-estimate","admin1",1e-04,9522500.61594186,10596914.3093823,11356954.7712764
"GNB","no-estimate","admin1",2e-04,6316152.31620131,7028600.81396698,8586516.99033291
"GNB","no-estimate","admin1",0.001,712719.826285808,807574.911690985,1520821.60727255
"GNB","no-estimate","admin2",1e-04,7891903.28996045,8447217.87654485,9195362.88421398
"GNB","no-estimate","admin2",2e-04,6462650.9267728,7205841.37681941,7917876.49439406
"GNB","no-estimate","admin2",0.001,572586.9320121,572586.9320121,741235.878865533
"KEN","district-estimate","admin1",1e-04,67849744.5675796,92838245.1559885,111991552.451938
"KEN","district-estimate","admin1",2e-04,37064982.6738034,58086593.8483387,77198435.5410244
"KEN","district-estimate","admin1",0.001,509711.376534842,753039.503102996,18573645.6320058
"KEN","district-estimate","admin2",1e-04,49835739.9189231,58662122.7041397,66026872.7320866
"KEN","district-estimate","admin2",2e-04,30546869.9737102,36790736.7529208,46809368.3695291
"KEN","district-estimate","admin2",0.001,5319037.00953105,9535104.76094759,14083587.1252174
"KEN","global-estimate","admin1",1e-04,62785928.2099122,81810662.0687605,100422593.80494
"KEN","global-estimate","admin1",2e-04,30299387.9547883,49065394.2073643,68239730.2549009
"KEN","global-estimate","admin1",0.001,497982.484459831,675792.597136375,6485408.78426632
"KEN","global-estimate","admin2",1e-04,41378359.6117451,49854749.4876327,59968516.0520466
"KEN","global-estimate","admin2",2e-04,20330369.2082802,29652224.7635373,39512677.5578492
"KEN","global-estimate","admin2",0.001,3498267.9502759,8390089.76759302,11878340.0271691
"KEN","no-estimate","admin1",1e-04,118191121.152304,136035098.750089,157575681.854335
"KEN","no-estimate","admin1",2e-04,74608620.5921977,95086332.0817627,110099625.613702
"KEN","no-estimate","admin1",0.001,9944615.9656388,21861295.1666223,30287080.2793004
"KEN","no-estimate","admin2",1e-04,86433171.7030293,96083480.5389729,105454625.927632
"KEN","no-estimate","admin2",2e-04,48993890.6499079,55792128.8690466,62312634.7181687
"KEN","no-estimate","admin2",0.001,14924140.623736,17728092.2362461,22796504.7687638
"LBR","district-estimate","admin1",1e-04,2764102.26331117,4320098.46283631,7881588.01205871
"LBR","district-estimate","admin1",2e-04,1849695.96697815,2849438.65089233,5708099.99603129
"LBR","district-estimate","admin1",0.001,22489.8830286442,34200.6313529922,1962937.40830977
"LBR","district-estimate","admin2",1e-04,1555153.34600732,3067773.69749705,7377676.58408325
"LBR","district-estimate","admin2",2e-04,1181013.47301599,2041755.33462266,4009485.29505838
"LBR","district-estimate","admin2",0.001,25201.4743632711,604145.451918927,1400280.43018141
"LBR","global-estimate","admin1",1e-04,2587433.76192812,4317746.37712874,7873801.15668031
"LBR","global-estimate","admin1",2e-04,33437.4064454292,2850434.02681625,4719655.8682835
"LBR","global-estimate","admin1",0.001,21972.3717017128,32401.1245937851,49978.8634823878
"LBR","global-estimate","admin2",1e-04,1381935.23987521,2522674.5172853,5865092.1359078
"LBR","global-estimate","admin2",2e-04,496376.900736164,1793621.52623312,3765191.36418702
"LBR","global-estimate","admin2",0.001,22553.3581161072,156249.221120805,1230941.4871667
"LBR","no-estimate","admin1",1e-04,2750609.21683791,6462908.19276207,14808139.3401406
"LBR","no-estimate","admin1",2e-04,2750609.21683791,4298983.60643273,7847547.01860114
"LBR","no-estimate","admin1",0.001,0,624580.64785576,2878871.02463691
"LBR","no-estimate","admin2",1e-04,1618710.24845555,3891908.28757828,10452517.346531
"LBR","no-estimate","admin2",2e-04,1546793.28347776,2946888.7979391,6274944.75093705
"LBR","no-estimate","admin2",0.001,157608.828939289,1320216.55692982,2550630.17015616
"MDG","district-estimate","admin1",1e-04,10808.4756044578,15318.4636614399,27332.309688587
"MDG","district-estimate","admin1",2e-04,10808.4756044578,15318.4636614399,27332.309688587
"MDG","district-estimate","admin1",0.001,10808.4756044578,15318.4636614399,27332.309688587
"MDG","district-estimate","admin2",1e-04,10918.9261341177,15269.5469882551,31399.4199420453
"MDG","district-estimate","admin2",2e-04,10918.9261341177,15211.5670072404,27268.5710318104
"MDG","district-estimate","admin2",0.001,10918.9261341177,15211.5670072404,27268.5710318104
"MDG","global-estimate","admin1",1e-04,10561.8982979146,14962.1329334425,26697.2830180987
"MDG","global-estimate","admin1",2e-04,10625.0589250806,14993.9956066987,26763.5461742067
"MDG","global-estimate","admin1",0.001,10559.7633926137,14965.9727905054,26703.370007708
"MDG","global-estimate","admin2",1e-04,10668.9373862963,14862.6300452874,26645.4539542855
"MDG","global-estimate","admin2",2e-04,5999.84500490574,14995.8379914987,35882.4254029132
"MDG","global-estimate","admin2",0.001,10667.6723616931,14861.5359191909,26641.0980316075
"MDG","no-estimate","admin1",1e-04,0,0,0
"MDG","no-estimate","admin1",2e-04,0,0,0
"MDG","no-estimate","admin1",0.001,0,0,0
"MDG","no-estimate","admin2",1e-04,0,0,8710446.11008467
"MDG","no-estimate","admin2",2e-04,0,0,0
"MDG","no-estimate","admin2",0.001,0,0,0
"MLI","district-estimate","admin1",1e-04,40307.598605755,2644731.52045993,12640327.6428604
"MLI","district-estimate","admin1",2e-04,39981.2341444926,45306.9380697683,55158.0417891601
"MLI","district-estimate","admin1",0.001,39981.2341444926,45306.9380697683,55158.0417891601
"MLI","district-estimate","admin2",1e-04,4653103.80737309,9423404.85505214,13859452.7036313
"MLI","district-estimate","admin2",2e-04,41283.7645971323,1375183.84225352,4059527.39715148
"MLI","district-estimate","admin2",0.001,41145.5693079344,45107.8342332173,52206.2499322908
"MLI","global-estimate","admin1",1e-04,39063.0274379707,44503.3079853915,7042611.72601992
"MLI","global-estimate","admin1",2e-04,36758.5996707709,44717.6072708164,3207599.43367192
"MLI","global-estimate","admin1",0.001,39061.2319591491,44264.3869097724,53888.8083582486
"MLI","global-estimate","admin2",1e-04,2057674.76205076,5704373.4488525,10297511.5034604
"MLI","global-estimate","admin2",2e-04,29208.1789683645,948199.137988991,3413612.76117051
"MLI","global-estimate","admin2",0.001,40198.7747806895,44069.8646217568,51004.9397412968
"MLI","no-estimate","admin1",1e-04,11853239.9485338,11853239.9485338,24476743.1283778
"MLI","no-estimate","admin1",2e-04,0,0,9603423.7288147
"MLI","no-estimate","admin1",0.001,0,0,0
"MLI","no-estimate","admin2",1e-04,17888351.1503885,20538418.1405406,23019083.7780767
"MLI","no-estimate","admin2",2e-04,5958238.81864064,8838162.84836322,11796669.4319852
"MLI","no-estimate","admin2",0.001,0,0,0
"MOZ","district-estimate","admin1",1e-04,14403512.7735788,31000543.3234733,108042209.103598
"MOZ","district-estimate","admin1",2e-04,199229.335096858,328123.178469197,30010240.0725586
"MOZ","district-estimate","admin1",0.001,199229.335096858,244076.42573031,385378.605437023
"MOZ","district-estimate","admin2",1e-04,18976830.0258704,27277695.962812,40583719.1673956
"MOZ","district-estimate","admin2",2e-04,12822651.8004469,20495805.1606487,27428736.2199768
"MOZ","district-estimate","admin2",0.001,199479.668261733,2256644.01976195,6297522.85741733
"MOZ","global-estimate","admin1",1e-04,231283.940907044,23230389.958532,69417977.6765484
"MOZ","global-estimate","admin1",2e-04,193358.771484118,243172.701270681,16212695.9083841
"MOZ","global-estimate","admin1",0.001,194644.898733257,238460.019687135,376510.716119116
"MOZ","global-estimate","admin2",1e-04,16552278.2326143,24710890.3882847,33618469.5620246
"MOZ","global-estimate","admin2",2e-04,7129737.25597589,14695811.7852286,23362194.2580471
"MOZ","global-estimate","admin2",0.001,194759.548723718,2243442.12835566,5312194.07021683
"MOZ","no-estimate","admin1",1e-04,80431192.3837888,121475926.392722,166090124.13314
"MOZ","no-estimate","admin1",2e-04,23023045.8604177,31445615.9846972,83660076.809089
"MOZ","no-estimate","admin1",0.001,0,0,0
"MOZ","no-estimate","admin2",1e-04,28868156.3069228,38680129.086144,52726899.651112
"MOZ","no-estimate","admin2",2e-04,19781045.8273655,27379905.9871692,38931124.2481378
"MOZ","no-estimate","admin2",0.001,6789757.78965003,9563660.34506838,16496578.5642838
"MRT","district-estimate","admin1",1e-04,2403.9146344724,3123.90904896645,4733.79157460874
"MRT","district-estimate","admin1",2e-04,2403.9146344724,3123.90904896645,4718.84585137305
"MRT","district-estimate","admin1",0.001,2403.9146344724,3123.90904896645,4718.84585137305
"MRT","district-estimate","admin2",1e-04,3754.00165068523,552466.793444483,1418681.86696568
"MRT","district-estimate","admin2",2e-04,2663.49133716383,356723.304757715,380762.155602917
"MRT","district-estimate","admin2",0.001,2472.31277056405,3131.25505221461,4606.75320496458
"MRT","global-estimate","admin1",1e-04,2348.04621890838,3051.40568316914,4613.04224194292
"MRT","global-estimate","admin1",2e-04,2129.25783168476,3159.1149621078,4902.33415083598
"MRT","global-estimate","admin1",0.001,2348.59851518751,3052.02524614343,4610.26119688558
"MRT","global-estimate","admin2",1e-04,175151.714743472,357025.677575936,843220.152240293
"MRT","global-estimate","admin2",2e-04,1251.75705434825,4263.46583743049,381070.700822066
"MRT","global-estimate","admin2",0.001,2415.42275202307,3059.20221161208,4500.74789755989
"MRT","no-estimate","admin1",1e-04,0,1327397.9069825,2909281.77960356
"MRT","no-estimate","admin1",2e-04,0,0,0
"MRT","no-estimate","admin1",0.001,0,0,0
"MRT","no-estimate","admin2",1e-04,550133.119562468,550133.119562468,2121218.405085
"MRT","no-estimate","admin2",2e-04,354243.868966909,554958.840624917,1401658.31340818
"MRT","no-estimate","admin2",0.001,0,0,0
"MWI","district-estimate","admin1",1e-04,49667.8544987516,5278724.75306766,11526877.8127652
"MWI","district-estimate","admin1",2e-04,44806.9372663431,47950.2253427884,4843482.24742668
"MWI","district-estimate","admin1",0.001,44806.9372663431,47950.2253427884,73723.9379651395
"MWI","district-estimate","admin2",1e-04,4266330.66122521,6626526.71323579,10313040.4567838
"MWI","district-estimate","admin2",2e-04,1346174.66084142,2775784.69653474,5461506.95306675
"MWI","district-estimate","admin2",0.001,45643.797942929,48224.3991340562,332886.134645495
"MWI","global-estimate","admin1",1e-04,44767.1383647036,1991442.82353558,7313953.9682073
"MWI","global-estimate","admin1",2e-04,43072.5099988273,47850.63771595,70189.7132924575
"MWI","global-estimate","admin1",0.001,43775.8915498801,46846.8498956062,72027.4874805214
"MWI","global-estimate","admin2",1e-04,3403123.01536239,5195008.26164611,7872485.62449758
"MWI","global-estimate","admin2",2e-04,471265.789047482,1833878.32399359,3889158.81720974
"MWI","global-estimate","admin2",0.001,44593.4953508902,46705.2500175357,68979.7240374447
"MWI","no-estimate","admin1",1e-04,12052682.2777426,16313489.1757917,22787687.3112629
"MWI","no-estimate","admin1",2e-04,1917529.76489271,6176820.02092371,14304890.1491632
"MWI","no-estimate","admin1",0.001,0,0,0
"MWI","no-estimate","admin2",1e-04,8420716.91912815,13986834.6553263,17856150.8934198
"MWI","no-estimate","admin2",2e-04,4236070.04703686,6467968.9245472,8991060.89069731
"MWI","no-estimate","admin2",0.001,0,334361.004878519,1726233.23155056
"NAM","district-estimate","admin1",1e-04,3150285.98545187,4287015.03491679,6043388.77025111
"NAM","district-estimate","admin1",2e-04,9018.54123096175,1553899.02829606,4446670.4187078
"NAM","district-estimate","admin1",0.001,8291.31165247209,27395.9979727806,1176728.88870135
"NAM","district-estimate","admin2",1e-04,2152996.5542484,3251329.03540362,3968188.62672235
"NAM","district-estimate","admin2",2e-04,721287.723859264,1850598.27138536,2580631.95131412
"NAM","district-estimate","admin2",0.001,10286.538096446,277178.200762678,398232.722486607
"NAM","global-estimate","admin1",1e-04,1137652.57090871,4287360.89263196,6027321.07055076
"NAM","global-estimate","admin1",2e-04,5707.7561320017,1157163.91109497,6039907.86689759
"NAM","global-estimate","admin1",0.001,8100.52152298107,23626.7278360516,1177371.44211207
"NAM","global-estimate","admin2",1e-04,1616064.96979124,2717438.60296602,4033950.55602277
"NAM","global-estimate","admin2",2e-04,140833.559395045,1228176.67200288,2461344.4440616
"NAM","global-estimate","admin2",0.001,10049.8361103556,190358.401514693,299358.324547183
"NAM","no-estimate","admin1",1e-04,4271710.140811,5956844.01071682,6847234.10356063
"NAM","no-estimate","admin1",2e-04,2671174.83577461,4271710.140811,6013552.17311158
"NAM","no-estimate","admin1",0.001,0,733468.431492375,1126981.26365123
"NAM","no-estimate","admin2",1e-04,2783584.90975448,3865907.9618927,5060005.09983855
"NAM","no-estimate","admin2",2e-04,2141767.64090867,3310875.60234596,4226225.47601956
"NAM","no-estimate","admin2",0.001,0,259206.855597728,1180170.5808689
"NER","district-estimate","admin1",1e-04,119828.745737178,26528356.006717,36789976.2436943
"NER","district-estimate","admin1",2e-04,108345.597071952,119096.086112204,293431.025151192
"NER","district-estimate","admin1",0.001,108345.597071952,118606.788822926,139461.593692202
"NER","district-estimate","admin2",1e-04,10667792.683132,17755612.5570807,26001215.4962972
"NER","district-estimate","admin2",2e-04,2579223.26128876,7219775.98443342,12707969.0045981
"NER","district-estimate","admin2",0.001,109506.800357241,118592.596547232,1321323.85065159
"NER","global-estimate","admin1",1e-04,109431.726905252,26524625.1348174,29270160.3130035
"NER","global-estimate","admin1",2e-04,102404.547554881,117538.396639129,145674.969744734
"NER","global-estimate","admin1",0.001,105852.472779733,115877.545785572,136252.463866329
"NER","global-estimate","admin2",1e-04,10667218.7385126,13230893.6558503,22498620.5246653
"NER","global-estimate","admin2",2e-04,79629.6101766066,4036163.31844369,11375732.0242828
"NER","global-estimate","admin2",0.001,106986.955790299,115716.928405063,133434.062495259
"NER","no-estimate","admin1",1e-04,40283543.0040853,45144589.9171619,56729246.924778
"NER","no-estimate","admin1",2e-04,12717905.432519,28582340.4827279,32946437.6422158
"NER","no-estimate","admin1",0.001,0,0,0
"NER","no-estimate","admin2",1e-04,26298972.4379585,31793247.5429893,36929103.9610697
"NER","no-estimate","admin2",2e-04,11522845.9755064,16643050.8085368,25941242.6773278
"NER","no-estimate","admin2",0.001,2473215.61231427,2675299.01439,2729700.48745876
"NGA","district-estimate","admin1",1e-04,114668738.707753,188796993.113668,282942795.319886
"NGA","district-estimate","admin1",2e-04,47383431.2878152,73258704.2760493,119121348.910446
"NGA","district-estimate","admin1",0.001,1233598.19379065,1500388.08619362,1700483.95917756
"NGA","district-estimate","admin2",1e-04,112767208.144033,143454896.547501,171441742.909722
"NGA","district-estimate","admin2",2e-04,68843735.9853598,82110526.1122079,99826654.9237705
"NGA","district-estimate","admin2",0.001,7646948.7989938,13892410.9094426,22519034.6681168
"NGA","global-estimate","admin1",1e-04,84154922.4596751,117043719.554839,196838346.063512
"NGA","global-estimate","admin1",2e-04,47434181.6437953,47739530.7252385,92681230.7874896
"NGA","global-estimate","admin1",0.001,1205212.05068107,1465862.88086422,1661354.37771114
"NGA","global-estimate","admin2",1e-04,93379534.2599295,122728068.939704,156883008.527283
"NGA","global-estimate","admin2",2e-04,41575400.5905017,60369840.8130222,81232853.4400732
"NGA","global-estimate","admin2",0.001,7252236.52352421,10433643.5898776,15783650.2071408
"NGA","no-estimate","admin1",1e-04,460360904.058527,551572980.509035,601764523.359095
"NGA","no-estimate","admin1",2e-04,111855796.733212,167033291.101453,246059975.094669
"NGA","no-estimate","admin1",0.001,0,0,49438946.1441966
"NGA","no-estimate","admin2",1e-04,162844242.109024,219023534.459832,262613386.97884
"NGA","no-estimate","admin2",2e-04,108437924.576558,141921891.760919,175436183.137792
"NGA","no-estimate","admin2",0.001,20532460.0275018,28125594.8535043,42229702.8422885
"RWA","district-estimate","admin1",1e-04,10708.34097544,12706.5324293964,14950.9580620662
"RWA","district-estimate","admin1",2e-04,10708.34097544,12706.5324293964,14950.9580620662
"RWA","district-estimate","admin1",0.001,10708.34097544,12706.5324293964,14950.9580620662
"RWA","district-estimate","admin2",1e-04,11475.142748444,1848726.20664354,4866524.79010294
"RWA","district-estimate","admin2",2e-04,11394.0131237784,11949.2109861182,12701.8521702055
"RWA","district-estimate","admin2",0.001,11394.0131237784,11949.2109861182,12701.8521702055
"RWA","global-estimate","admin1",1e-04,10532.9226557337,12367.5606615957,14340.5901058847
"RWA","global-estimate","admin1",2e-04,8907.44465167897,12375.4193534621,16642.5726108012
"RWA","global-estimate","admin1",0.001,10461.9329465331,12414.1443164899,14606.9238073864
"RWA","global-estimate","admin2",1e-04,11180.3718548041,11839.520824062,3640478.25020176
"RWA","global-estimate","admin2",2e-04,3640.16264563369,11994.9293873611,22303.8527862997
"RWA","global-estimate","admin2",0.001,11131.8271958547,11674.2494834134,12409.5717540415
"RWA","no-estimate","admin1",1e-04,0,0,0
"RWA","no-estimate","admin1",2e-04,0,0,0
"RWA","no-estimate","admin1",0.001,0,0,0
"RWA","no-estimate","admin2",1e-04,6383437.44090907,6525749.55017295,6526647.5732734
"RWA","no-estimate","admin2",2e-04,1670571.63093803,1670571.63093803,1670571.63093803
"RWA","no-estimate","admin2",0.001,0,0,0
"SEN","district-estimate","admin1",1e-04,478.377657783354,741.858650563498,1022.95932271246
"SEN","district-estimate","admin1",2e-04,478.377657783354,741.858650563498,1022.95932271246
"SEN","district-estimate","admin1",0.001,478.377657783354,741.858650563498,1022.95932271246
"SEN","district-estimate","admin2",1e-04,471.157934576596,728.965654617458,1004.73264936266
"SEN","district-estimate","admin2",2e-04,471.157934576596,728.965654617458,1004.73264936266
"SEN","district-estimate","admin2",0.001,471.157934576596,728.965654617458,1004.73264936266
"SEN","global-estimate","admin1",1e-04,469.999013683504,725.214875352996,1001.79410017827
"SEN","global-estimate","admin1",2e-04,459.750295307548,732.944772922011,1027.73321954219
"SEN","global-estimate","admin1",0.001,467.36978121332,724.787852366829,999.420159088555
"SEN","global-estimate","admin2",1e-04,460.10252041422,711.970661005137,981.420666757269
"SEN","global-estimate","admin2",2e-04,399.704776757708,720.159074893555,1250.18884098233
"SEN","global-estimate","admin2",0.001,460.31618997497,712.191535217724,981.612896986857
"SEN","no-estimate","admin1",1e-04,0,0,0
"SEN","no-estimate","admin1",2e-04,0,0,0
"SEN","no-estimate","admin1",0.001,0,0,0
"SEN","no-estimate","admin2",1e-04,0,0,0
"SEN","no-estimate","admin2",2e-04,0,0,0
"SEN","no-estimate","admin2",0.001,0,0,0
"SLE","district-estimate","admin1",1e-04,58940240.8252928,70718510.6635799,71385761.1021672
"SLE","district-estimate","admin1",2e-04,42723170.6225249,52541572.1026322,64656427.8548515
"SLE","district-estimate","admin1",0.001,8359111.88914826,10878578.9670269,21658763.0736168
"SLE","district-estimate","admin2",1e-04,54780163.1964391,60133268.9169717,64048547.8383883
"SLE","district-estimate","admin2",2e-04,41126709.898858,50184664.607783,55878801.0881566
"SLE","district-estimate","admin2",0.001,8771177.17604622,13959364.5568015,20570134.2346234
"SLE","global-estimate","admin1",1e-04,58721493.6399233,71125150.1855276,71545946.9248738
"SLE","global-estimate","admin1",2e-04,31423275.2364325,52292549.4008687,53463678.144985
"SLE","global-estimate","admin1",0.001,4208920.94268808,8483868.80841843,13105206.7999654
"SLE","global-estimate","admin2",1e-04,54179080.5736218,57439280.6749163,62556351.6179172
"SLE","global-estimate","admin2",2e-04,25455278.4173068,39067819.3318867,51046815.1820071
"SLE","global-estimate","admin2",0.001,8369683.81513364,8549641.93762827,16195471.4485988
"SLE","no-estimate","admin1",1e-04,70319663.2459226,76809479.8843732,76929469.1032272
"SLE","no-estimate","admin1",2e-04,64306786.0266939,70319663.2459226,70916591.8839985
"SLE","no-estimate","admin1",0.001,18249437.5957588,30784691.9659503,36939186.3884634
"SLE","no-estimate","admin2",1e-04,63832864.9290572,66677666.9998775,68146184.8868387
"SLE","no-estimate","admin2",2e-04,57041824.4705948,59614754.5794226,62888663.2159908
"SLE","no-estimate","admin2",0.001,21749515.5135958,26309436.9750899,31068542.4861842
"SOM","district-estimate","admin1",1e-04,109723214.120513,117266061.008214,125643747.808467
"SOM","district-estimate","admin1",2e-04,88578921.4656533,100924967.462498,110200604.682678
"SOM","district-estimate","admin1",0.001,9967743.2826908,22059666.4143606,40602125.3507491
"SOM","district-estimate","admin2",1e-04,75206108.5549658,85386205.0981491,93085871.2230764
"SOM","district-estimate","admin2",2e-04,63338028.9244146,72150700.7133399,84945217.246466
"SOM","district-estimate","admin2",0.001,18122526.2376706,27677778.0044667,38038112.2086265
"SOM","global-estimate","admin1",1e-04,103712727.891319,114375553.943529,120030135.956429
"SOM","global-estimate","admin1",2e-04,68665005.7561078,89146025.7591097,102761210.3305
"SOM","global-estimate","admin1",0.001,10006733.9475673,18889226.6815494,31822253.3395445
"SOM","global-estimate","admin2",1e-04,73236615.4996163,84199000.3986118,91558752.6141025
"SOM","global-estimate","admin2",2e-04,44483016.4398445,60191625.2233584,75207738.2999861
"SOM","global-estimate","admin2",0.001,15039568.3312826,21816004.1860672,28812775.8537303
"SOM","no-estimate","admin1",1e-04,119604218.731328,122822171.330649,129544537.650815
"SOM","no-estimate","admin1",2e-04,113267098.327225,117538694.952082,122108797.858787
"SOM","no-estimate","admin1",0.001,44237589.3060221,55154321.7675252,74284127.1825259
"SOM","no-estimate","admin2",1e-04,89855175.9000267,95317911.2325099,102713510.149379
"SOM","no-estimate","admin2",2e-04,75020559.0635809,85608449.1976818,90887296.3827016
"SOM","no-estimate","admin2",0.001,39843028.6682902,46677734.8948322,58291120.8213177
"SSD","district-estimate","admin1",1e-04,50575699.7532218,67544945.1070042,82075356.3624614
"SSD","district-estimate","admin1",2e-04,31773644.7442033,46869031.0840459,59910252.2877374
"SSD","district-estimate","admin1",0.001,415195.055775148,13957482.7699693,42740495.7332266
"SSD","district-estimate","admin2",1e-04,28617932.6422412,35526355.4139769,46255546.614422
"SSD","district-estimate","admin2",2e-04,21253931.7210405,27013105.4152571,35775055.7753713
"SSD","district-estimate","admin2",0.001,4844272.91041992,14000981.3690275,17680176.6821002
"SSD","global-estimate","admin1",1e-04,46232514.5610595,59457182.4720263,78311152.8704904
"SSD","global-estimate","admin1",2e-04,27334629.8487236,46555621.03528,59874696.5843823
"SSD","global-estimate","admin1",0.001,405641.064588272,860157.17923491,29260559.9818353
"SSD","global-estimate","admin2",1e-04,26575790.4302477,33380966.9489713,43366065.5212166
"SSD","global-estimate","admin2",2e-04,14737472.9619627,22845304.016273,33664400.2663395
"SSD","global-estimate","admin2",0.001,4552579.39346377,13860216.9282535,16788160.410351
"SSD","no-estimate","admin1",1e-04,76650042.0059316,81422627.1094678,92994813.1528716
"SSD","no-estimate","admin1",2e-04,50194190.0943615,65851567.0232608,74934802.083588
"SSD","no-estimate","admin1",0.001,27032234.7847106,41850112.1073756,51355745.8676154
"SSD","no-estimate","admin2",1e-04,34965091.4265663,46924924.782222,52803393.1565083
"SSD","no-estimate","admin2",2e-04,28353900.4527731,34842386.2118013,41396773.8728042
"SSD","no-estimate","admin2",0.001,12131017.9250672,15175382.7576565,18961109.6373631
"TCD","district-estimate","admin1",1e-04,60583258.4135603,71769012.9705596,79174777.6677938
"TCD","district-estimate","admin1",2e-04,39961212.59895,51628692.8721422,62114352.9423922
"TCD","district-estimate","admin1",0.001,6822634.09579274,10251635.058505,20119365.4499788
"TCD","district-estimate","admin2",1e-04,49016187.3740309,57698696.4264284,64097633.8271403
"TCD","district-estimate","admin2",2e-04,29888094.6489605,37855432.205632,48674611.4157461
"TCD","district-estimate","admin2",0.001,5187418.99174759,9233088.83319946,14610888.9665032
"TCD","global-estimate","admin1",1e-04,55410944.5378644,66733297.3062973,75516632.0974107
"TCD","global-estimate","admin1",2e-04,29918634.0022211,44218178.9971911,58685854.1250914
"TCD","global-estimate","admin1",0.001,6768114.58021685,10178502.9524516,17607294.4331745
"TCD","global-estimate","admin2",1e-04,35656007.3614498,54757784.2310368,61592400.2921209
"TCD","global-estimate","admin2",2e-04,17178435.9336876,29531308.78019,42728324.0687569
"TCD","global-estimate","admin2",0.001,4336488.95607914,7132991.20447124,10650717.3329779
"TCD","no-estimate","admin1",1e-04,74564261.7612643,83315177.0791271,92621606.762363
"TCD","no-estimate","admin1",2e-04,63593734.0584383,71818067.2471371,81005844.1046336
"TCD","no-estimate","admin1",0.001,15061742.0583941,24237640.6288637,36004450.0594567
"TCD","no-estimate","admin2",1e-04,69243308.9298661,73152160.5649198,77625551.0872936
"TCD","no-estimate","admin2",2e-04,53459049.1243938,57798149.2328947,61777094.3884734
"TCD","no-estimate","admin2",0.001,13335730.7338866,16974045.1272454,25045093.9720708
"TGO","district-estimate","admin1",1e-04,5313.79208786804,7052.3370509928,11667.4444321134
"TGO","district-estimate","admin1",2e-04,5313.79208786804,7052.3370509928,11667.4444321134
"TGO","district-estimate","admin1",0.001,5313.79208786804,7052.3370509928,11667.4444321134
"TGO","district-estimate","admin2",1e-04,5453.31334294632,7010.91673180922,50782.6769735665
"TGO","district-estimate","admin2",2e-04,5453.31334294632,6989.19950512497,11207.5406821169
"TGO","district-estimate","admin2",0.001,5453.31334294632,6989.19950512497,11207.5406821169
"TGO","global-estimate","admin1",1e-04,5196.00705598516,6890.59648056605,11405.9317848182
"TGO","global-estimate","admin1",2e-04,5053.95123317758,7174.92884569255,11706.0044658526
"TGO","global-estimate","admin1",0.001,5191.51721472051,6890.05678032272,11398.9666173434
"TGO","global-estimate","admin2",1e-04,5327.05261902566,6827.8108318334,11030.4669047763
"TGO","global-estimate","admin2",2e-04,3646.78338574818,7112.28508257855,13256.8280077941
"TGO","global-estimate","admin2",0.001,5327.82796711371,6828.37208305795,10949.6456435943
"TGO","no-estimate","admin1",1e-04,0,0,0
"TGO","no-estimate","admin1",2e-04,0,0,0
"TGO","no-estimate","admin1",0.001,0,0,0
"TGO","no-estimate","admin2",1e-04,0,0,2506570.15174098
"TGO","no-estimate","admin2",2e-04,0,0,0
"TGO","no-estimate","admin2",0.001,0,0,0
"TZA","district-estimate","admin1",1e-04,125624034.555887,163914578.208701,205179118.948439
"TZA","district-estimate","admin1",2e-04,706154.920319241,28547068.842322,76779668.0934637
"TZA","district-estimate","admin1",0.001,676118.057978779,729866.677659086,788667.523033276
"TZA","district-estimate","admin2",1e-04,106799249.858489,129928408.490616,152624397.681639
"TZA","district-estimate","admin2",2e-04,34135834.0056756,53819722.9181175,66088691.6932193
"TZA","district-estimate","admin2",0.001,754884.598715779,2152550.67099734,4470982.50062286
"TZA","global-estimate","admin1",1e-04,90954562.6153539,125139178.477503,163534524.851866
"TZA","global-estimate","admin1",2e-04,656232.294025963,752463.042752631,37492938.9806953
"TZA","global-estimate","admin1",0.001,660560.006702956,713071.824953213,770519.612889286
"TZA","global-estimate","admin2",1e-04,78225793.5929343,99425499.2908622,120486720.370311
"TZA","global-estimate","admin2",2e-04,18600988.6734477,35410800.7220685,53074770.5272336
"TZA","global-estimate","admin2",0.001,712016.400531282,2012033.9619093,3818189.54152147
"TZA","no-estimate","admin1",1e-04,282165971.546965,316567960.375501,349877458.087809
"TZA","no-estimate","admin1",2e-04,138669801.1413,161859166.481836,200813113.706021
"TZA","no-estimate","admin1",0.001,0,0,0
"TZA","no-estimate","admin2",1e-04,201385483.866999,215981797.121392,237848934.029913
"TZA","no-estimate","admin2",2e-04,117879040.506111,128448605.187507,143982528.289604
"TZA","no-estimate","admin2",0.001,3353242.33135242,6515604.37912206,9962068.38828242
"UGA","district-estimate","admin1",1e-04,6116969.93478317,9921039.1173867,18683353.7332168
"UGA","district-estimate","admin1",2e-04,2242348.70621182,4438901.29692343,7139925.27208368
"UGA","district-estimate","admin1",0.001,95312.7419369784,103704.426387209,109803.220198705
"UGA","district-estimate","admin2",1e-04,8650894.43272232,13124931.9458553,16632779.1952231
"UGA","district-estimate","admin2",2e-04,1412603.35127265,4239930.80898344,9298174.30645674
"UGA","district-estimate","admin2",0.001,94721.498821342,183436.133593095,1465071.26144631
"UGA","global-estimate","admin1",1e-04,7023624.95217852,8541559.17109459,10135341.290985
"UGA","global-estimate","admin1",2e-04,2238070.39046345,2698588.64100164,5345747.35176561
"UGA","global-estimate","admin1",0.001,93119.5147205249,101318.099377862,107265.754027597
"UGA","global-estimate","admin2",1e-04,9205893.83669606,13398651.2951939,15784279.2814623
"UGA","global-estimate","admin2",2e-04,912838.449026287,3001857.21256123,6868714.33412328
"UGA","global-estimate","admin2",0.001,92541.8766115895,145554.749793352,971905.972020673
"UGA","no-estimate","admin1",1e-04,22166019.5734841,27313473.5974988,30146079.5227012
"UGA","no-estimate","admin1",2e-04,8165432.45479936,8358152.93584608,11066244.7273537
"UGA","no-estimate","admin1",0.001,0,0,2298892.75209382
"UGA","no-estimate","admin2",1e-04,18378421.4632897,22387837.6438864,27163976.8882415
"UGA","no-estimate","admin2",2e-04,11300020.3797978,12887627.2955555,15364527.6929117
"UGA","no-estimate","admin2",0.001,79193.1775775945,1306029.11001586,1562965.79664174
"ZAF","district-estimate","admin1",1e-04,2252.49165471112,3325.37209320181,5297.50255401901
"ZAF","district-estimate","admin1",2e-04,2252.49165471112,3325.37209320181,5297.50255401901
"ZAF","district-estimate","admin1",0.001,2252.49165471112,3325.37209320181,5297.50255401901
"ZAF","district-estimate","admin2",1e-04,2271.20549595309,3275.15252522534,5143.4246173631
"ZAF","district-estimate","admin2",2e-04,2271.20549595309,3275.15252522534,5143.4246173631
"ZAF","district-estimate","admin2",0.001,2271.20549595309,3275.15252522534,5143.4246173631
"ZAF","global-estimate","admin1",1e-04,2203.38901879641,3251.72950808969,5177.78559027192
"ZAF","global-estimate","admin1",2e-04,2203.31786371279,3286.04755875065,5069.11997042355
"ZAF","global-estimate","admin1",0.001,2200.65990691382,3248.85245446907,5175.60251689293
"ZAF","global-estimate","admin2",1e-04,2218.36824422901,3198.89938689905,5023.53435980928
"ZAF","global-estimate","admin2",2e-04,2056.03685191536,3404.79588676571,5623.66788505141
"ZAF","global-estimate","admin2",0.001,2218.94312676035,3199.78848144292,5025.07004453971
"ZAF","no-estimate","admin1",1e-04,0,0,0
"ZAF","no-estimate","admin1",2e-04,0,0,0
"ZAF","no-estimate","admin1",0.001,0,0,0
"ZAF","no-estimate","admin2",1e-04,0,0,0
"ZAF","no-estimate","admin2",2e-04,0,0,0
"ZAF","no-estimate","admin2",0.001,0,0,0
"ZMB","district-estimate","admin1",1e-04,10030641.4911144,20569933.5084897,43961533.1190967
"ZMB","district-estimate","admin1",2e-04,112549.450044372,10031612.3408276,22154505.9987386
"ZMB","district-estimate","admin1",0.001,112117.364292593,142965.938187594,202031.677551255
"ZMB","district-estimate","admin2",1e-04,19291808.8914951,30542584.5822444,39172188.7925448
"ZMB","district-estimate","admin2",2e-04,508763.681155224,16425492.8636796,22491392.9752492
"ZMB","district-estimate","admin2",0.001,132155.33963892,142255.30677884,1266082.55167643
"ZMB","global-estimate","admin1",1e-04,110478.533758183,20553420.1093009,38458068.0174728
"ZMB","global-estimate","admin1",2e-04,85914.0828578868,136750.011697099,22161061.0809819
"ZMB","global-estimate","admin1",0.001,109537.448430283,139676.170415871,197382.756905533
"ZMB","global-estimate","admin2",1e-04,17614220.3849338,22897737.3179653,30701857.8967977
"ZMB","global-estimate","admin2",2e-04,89125.9717840024,3714237.89973761,20379068.257224
"ZMB","global-estimate","admin2",0.001,129114.332929792,138947.695026387,192166.704084259
"ZMB","no-estimate","admin1",1e-04,31861433.7339352,53441107.054106,70594979.8309957
"ZMB","no-estimate","admin1",2e-04,20425091.3751895,20425091.3751895,39373493.5958881
"ZMB","no-estimate","admin1",0.001,0,0,0
"ZMB","no-estimate","admin2",1e-04,38719151.2054465,44700688.6686619,55160916.0137725
"ZMB","no-estimate","admin2",2e-04,21968960.9611557,26244550.4385585,36343325.6022103
"ZMB","no-estimate","admin2",0.001,0,557363.482419394,2714611.91171124
"ZWE","district-estimate","admin1",1e-04,27507.4387974043,30866.9780487745,6331623.20375321
"ZWE","district-estimate","admin1",2e-04,27507.4387974043,30557.5200453871,35210.7101131015
"ZWE","district-estimate","admin1",0.001,27507.4387974043,30557.5200453871,35210.7101131015
"ZWE","district-estimate","admin2",1e-04,2351733.44681826,3657164.08905002,6931754.96356896
"ZWE","district-estimate","admin2",2e-04,27551.9337282295,2353731.86221068,2633235.83960678
"ZWE","district-estimate","admin2",0.001,27491.2638467836,30535.5799771175,34848.1536038471
"ZWE","global-estimate","admin1",1e-04,26815.5342183152,29796.7190130711,34346.6214607744
"ZWE","global-estimate","admin1",2e-04,26649.7593084792,29978.7444870637,35662.0801033735
"ZWE","global-estimate","admin1",0.001,26874.4692468558,29854.3655324766,34400.4817410988
"ZWE","global-estimate","admin2",1e-04,2351124.57108366,2355713.00189756,5039901.88931952
"ZWE","global-estimate","admin2",2e-04,17097.203518777,32381.2016373218,2521996.68324749
"ZWE","global-estimate","admin2",0.001,26858.666495599,29832.9303238289,34046.2679653283
"ZWE","no-estimate","admin1",1e-04,12840921.724332,13195290.8310552,19233251.4385089
"ZWE","no-estimate","admin1",2e-04,0,0,0
"ZWE","no-estimate","admin1",0.001,0,0,0
"ZWE","no-estimate","admin2",1e-04,7102490.26375983,10735159.7881367,14309890.2818631
"ZWE","no-estimate","admin2",2e-04,2327237.25882552,3630015.04938943,6089958.53438752
"ZWE","no-estimate","admin2",0.001,0,0,0
